Date,SPY,IEAC.AS,GLD
2021-06-08,0.00021314103481917535,0.0006678765945242748,-0.0030920774052216604
2021-06-09,-0.0014919014380936346,0.0007414690460170181,-0.0019175027218333307
2021-06-10,0.004648302781317781,0.0014818393540219077,0.004294325821970535
2021-06-11,0.0016525924412389426,7.406527045028533e-05,-0.011252390785353672
2021-06-14,0.0022388891832252344,0.00044391218359374207,-0.005860923791407013
2021-06-15,-0.0018341944181542447,-0.0013310181163201928,-0.0037777095572453234
2021-06-16,-0.00558320438613924,-0.0003704363922023557,-0.016891711518855712
2021-06-17,-0.0003317703641284586,0.0003705736661743231,-0.030740427140865334
2021-06-18,-0.013490484337967401,-0.0008888047252411102,-0.005547261946798776
2021-06-21,0.014316093132312968,-0.0011856585795344543,0.012247646651096789
2021-06-22,0.005346119963573592,-0.0007420282348205021,-0.0041928539145718036
2021-06-23,-0.0012051688094584234,0.0011881396046429238,-0.0006616578066259704
2021-06-24,0.005915589257733833,0.0009641818312509098,-0.0006019387497473438
2021-06-25,0.003552077264958653,-0.0014820949096575609,0.0033124733437563947
2021-06-28,0.0020159541852329266,0.0005937051134077276,-5.999463986816611e-05
2021-06-29,0.0005380401305405957,0.0010382875321726104,-0.010505462725200698
2021-06-30,0.0008418061573609581,0.0005926096460395769,0.004853503869870712
2021-07-01,0.0055364874525356544,-0.00014804870655604763,0.0034413575356286863
2021-07-02,0.007643591047147069,0.0017032272564887485,0.006558341503640763
2021-07-05,0.0,-0.0003695152765277321,0.0
2021-07-06,-0.001821612620135804,0.001478990070539865,0.004961455343207799
2021-07-07,0.0035342496709938054,0.0016982567336052412,0.003806801143447114
2021-07-08,-0.008147949747988048,0.00029493670588376375,-0.0006518168637834609
2021-07-09,0.010674648518454122,-0.000810582614833022,0.003320562334123478
2021-07-12,0.0035819541002868327,0.0011063291298634148,-0.001241101031467462
2021-07-13,-0.003408966692644344,-0.00036845354140713216,0.001301782371024407
2021-07-14,0.001492216035019478,0.0009583323085913253,0.010755182911599048
2021-07-15,-0.0034156054444531847,0.0007381236282795189,0.00017547964957964624
2021-07-16,-0.007843465693845753,0.00029519663121835293,-0.00970365108457183
2021-07-19,-0.014768000347924692,0.000221601686760442,0.0011805498135817327
2021-07-20,0.014330521318943745,0.0010332568573190315,-0.001297100524211059
2021-07-21,0.008096317467517933,-0.00022113387391520245,-0.0037192566567244567
2021-07-22,0.0020940121520156563,0.0012534747112238342,0.001955450591350383
2021-07-23,0.010287906876107922,0.0005891878244219662,-0.0031344183025339145
2021-07-26,0.002454934387025931,0.0,-0.0023730060647713103
2021-07-27,-0.004557335225004455,0.0003680018385545658,0.0016650735799190741
2021-07-28,-0.0004102449058228652,0.0009564907347467955,0.005046252863966982
2021-07-29,0.004147400558830006,0.00022061001542938996,0.011105233370970247
2021-07-30,-0.004856576881215879,0.0001468725214077704,-0.007886842666167015
2021-08-02,-0.0020979032405167297,0.0005145465465434818,-0.0012366429443513294
2021-08-03,0.008135366763199814,0.0002936139625713263,-0.0007074766626713469
2021-08-04,-0.0049188447462495954,0.00022028777203519923,0.0002359625041987723
2021-08-05,0.0063328201581902555,0.000293652341360362,-0.0039520921003340925
2021-08-06,0.001652218326670285,-0.001174264539909431,-0.024991124040327772
2021-08-09,-0.0008133014008877559,-0.00044061439574338834,-0.017735654639032372
2021-08-10,0.0012437066081083525,-7.363651198877275e-05,0.00030919522248562537
2021-08-11,0.0024851327205364093,-0.00029380984591409476,0.01378497662510525
2021-08-12,0.0029970178065628073,0.0007351827229469254,0.0002438615008097944
2021-08-13,0.0018196318883738627,-0.0004409623395434936,0.014325811995228088
2021-08-16,0.0023547466209812296,-0.00022054685768091442,0.004988291568599701
2021-08-17,-0.006554936695579161,0.00014719001624641237,-0.0014950364679763295
2021-08-18,-0.010945344130594004,0.00029402089714847257,0.0007786122169375354
2021-08-19,0.001548316614470302,7.343626070399623e-05,-0.002932408589264246
2021-08-20,0.007957294348144073,0.00014705115397584123,0.0005401616803368814
2021-08-23,0.008796386655801847,-0.0005876762231654675,0.012177557387281546
2021-08-24,0.00158748247386864,-0.00044115846798753466,-0.00047414113127741686
2021-08-25,0.002098311971923339,-0.002206639483591455,-0.006937433805443538
2021-08-26,-0.0059031925180182965,-0.0008846584716688533,0.0011344784228162208
2021-08-27,0.008941014540560843,0.0008854417852453,0.015029547921398434
2021-08-30,0.00439750875107503,0.00058970897979016,-0.0049356385559711224
2021-08-31,-0.0014816716055719992,-0.001915503762867976,0.0020076547129428413
2021-09-01,0.0005314785460523996,-0.0005166096077083848,5.8898619200498104e-05
2021-09-02,0.0030768148381437044,0.0005907342789015502,-0.0026517204262498373
2021-09-03,-0.0002429007931357141,-0.00044275743139055024,0.01069422486613747
2021-09-06,0.0,-0.0005168637340502436,0.0
2021-09-07,-0.00357546266951303,-0.0019207542254688903,-0.01958371853465668
2021-09-08,-0.0012183645607333204,7.383632426627429e-05,-0.0025044029033459703
2021-09-09,-0.004280059076342768,0.0020724154313773724,0.004423489287242344
2021-09-10,-0.00788451776520871,-0.0009602913315239769,-0.005058656845151166
2021-09-13,0.0025591527144148696,0.00022194574639766707,0.0033497597913456634
2021-09-14,-0.005396587050130908,0.00044366597908807037,0.006438546534438316
2021-09-15,0.00835265041846478,-0.0008867480146405038,-0.005864266379652205
2021-09-16,-0.0015849941765262443,7.4083030303429e-05,-0.02264197706190263
2021-09-17,-0.009741153582615514,-0.001404995583618951,-0.0015850424237688898
2021-09-20,-0.016674370824080076,0.0009624543553095055,0.0071441542310690664
2021-09-21,-0.0009445138502395256,0.00022214064000403155,0.006669036185550814
2021-09-22,0.009754879255126081,7.38397985202699e-05,-0.0037340107339023376
2021-09-23,0.012149980822999895,-0.0025143708516233154,-0.011546389089901132
2021-09-24,0.0016470124933853914,-0.001112217949872707,-0.00128427290155253
2021-09-27,-0.002860858390617782,0.0002226912712035567,0.00208203509820426
2021-09-28,-0.02015181944310085,-0.0017066008415753675,-0.009716428402719801
2021-09-29,0.0016831606983960246,0.0011150476378061214,-0.004504756024632184
2021-09-30,-0.012222406459913127,-0.0008912869760331343,0.01797665363761114
2021-10-01,0.011884342916451907,0.000966214729921866,0.0022530453929923144
2021-10-04,-0.01289615440427161,0.0,0.0046783175745395145
2021-10-05,0.0104049652274123,-0.0009652820601767642,-0.004656532835140448
2021-10-06,0.0041560957795456765,-0.0015604891478033789,0.0026733243283083574
2021-10-07,0.008645575520224602,0.0004465782881220015,-0.005271739220885419
2021-10-08,-0.0018235438606333254,-0.0014879511244779708,0.00042636491147840516
2021-10-11,-0.007239660453288943,-0.001788176499140648,-0.0018875818465466931
2021-10-12,-0.002461637778899406,-0.0018662237172477614,0.004514430828637339
2021-10-13,0.003597539998974275,0.0008226377468452117,0.017794197805277356
2021-10-14,0.016820643288896875,0.00381082518829734,0.0024464685904206362
2021-10-15,0.007615749957246454,-0.0008189050668759856,-0.015892846243722114
2021-10-18,0.0029605563262569135,-0.0016390244252149078,-0.0024799108302698825
2021-10-19,0.007714899501295891,-0.001641651122112342,0.003213671993580469
2021-10-20,0.003927693157986134,0.0012707834063738765,0.008763958748792211
2021-10-21,0.002608265664788778,-0.0022393279322390214,-0.0008987052245035265
2021-10-22,-0.0010361403788780033,0.0002990414666763641,0.006116967151190034
2021-10-25,0.0053627537404796755,0.0015707193543765818,0.006914158513320778
2021-10-26,0.0008999161156746371,0.0005975439295522467,-0.00739951491266011
2021-10-27,-0.004430031455216921,0.0008954279438924129,0.002624060476058121
2021-10-28,0.009648835675361012,-0.0008946268699937532,-0.00023788536339730548
2021-10-29,0.0020292192556248256,-0.0032093435379458857,-0.008507900517562339
2021-11-01,0.0017201558022599261,0.0005991098333075762,0.005220584505493342
2021-11-02,0.004042982410147333,0.002918083929566384,-0.0021490007233168074
2021-11-03,0.00610520691601546,0.00014936443190549653,-0.008315382622616663
2021-11-04,0.004712577482290481,0.003580813959450646,0.011340951773961994
2021-11-05,0.00346967086867056,0.0016351136733554483,0.0130629437586407
2021-11-08,0.0008537132751200716,-0.00022253070461442093,0.003591619309376348
2021-11-09,-0.003305256571553894,0.0017072988268491684,0.0049281100201232775
2021-11-10,-0.008045107726537437,-0.002667683824585043,0.010858781500706183
2021-11-11,0.000323646803445099,-0.0010401791707663754,0.005602086369596027
2021-11-12,0.007546818752449225,0.0008926839726832725,0.0018952552280546708
2021-11-15,0.00034244783714898475,-0.0019323490750136063,-0.0015477459282561279
2021-11-16,0.0039578807644924385,-0.001861307870723583,-0.007233864736584827
2021-11-17,-0.0024292045802560835,-0.000895024605325534,0.009137183945092442
2021-11-18,0.003396338783406616,0.0028370080925228525,-0.0032091550635745536
2021-11-19,-0.001788349191144456,0.002754589212280667,-0.007646325240812324
2021-11-22,-0.002815001024001784,-0.0027470222943030143,-0.022420457120115533
2021-11-23,0.001325934152792252,-0.0026056112433654466,-0.008652404091134991
2021-11-24,0.00266971335632582,-0.0019408110976786297,-0.0009565020521100642
2021-11-25,0.0,0.0003737906263565627,0.0
2021-11-26,-0.022303171965954993,-0.0016445267071792946,-0.001615539860939763
2021-11-29,0.012266861133991114,0.0014977092023671368,-0.0013785494630753625
2021-11-30,-0.019457709704244763,0.001046790050496238,-0.006721853018899604
2021-12-01,-0.011107319973707175,0.002688940265916262,0.003987937535404162
2021-12-02,0.015316358986635414,0.0017134034747079419,-0.005536820827328315
2021-12-03,-0.008701290082867241,-0.0003720613669315753,0.008412002804647267
2021-12-06,0.011843435390288537,0.0012648275106503792,-0.002460563224478851
2021-12-07,0.020684713177487213,0.0011886667582956534,0.003549490636251651
2021-12-08,0.002647847817730087,-0.002448985473590959,0.0005395140531609943
2021-12-09,-0.006751487391150501,0.0011162160308513247,-0.006111378376110088
2021-12-10,0.009413373835214678,0.0006686764203740481,0.004219899491422874
2021-12-13,-0.008858219523185662,0.00029688458769561166,0.00252130006200435
2021-12-14,-0.006879967124670094,-0.00037110721732735996,-0.009341302746070368
2021-12-15,0.015624893811690299,-0.0003712449890221903,0.004291534360497673
2021-12-16,-0.008818497397248826,0.0011142124225715921,0.012097561477355745
2021-12-17,-0.010642758084638992,0.00022278575413259283,-0.002140821851282393
2021-12-20,-0.010633434203827674,-0.00029687526196520153,-0.0042312675861405635
2021-12-21,0.017759046081867957,-0.0017070454875014462,-0.0004188884251822289
2021-12-22,0.009998697067493678,-0.0003714397990303153,0.009400024100517657
2021-12-23,0.006222113393629547,-0.0017851071227218407,0.0022540179789249937
2021-12-24,0.0,0.0009685981764286922,0.0
2021-12-27,0.01415211916074699,-0.0005953950826889098,0.002367247994286892
2021-12-28,-0.0008172681431223294,-0.00029806686552291684,-0.004310065233419702
2021-12-29,0.0012792428282657475,-0.0012664257694632308,-0.0002965076609273698
2021-12-30,-0.0027646398197025412,-0.0005220175732457699,0.0071772153754725565
2021-12-31,-0.002520109821430472,0.0,0.00683158799329231
2022-01-03,0.005789993127503612,-0.002985486551972727,-0.015383743445999576
2022-01-04,-0.00033501014477355096,-0.00037412642733380963,0.007366515057776857
2022-01-05,-0.019202033360498083,0.0003742664503036952,-0.00300766493835114
2022-01-06,-0.0009394740299181192,-0.0021706021653925545,-0.012244126909514819
2022-01-07,-0.00395355261826158,-0.00022508018481581793,0.004551137683908024
2022-01-10,-0.0012443497408471949,-0.0017260677098460686,0.0030402057039400354
2022-01-11,0.009108316237070424,-0.0009017575715538628,0.0120646549718888
2022-01-12,0.002703595745152665,0.0009025714722128431,0.002642622730480104
2022-01-13,-0.013778715817119869,-8.718561352127896e-05,-0.0033969884760131075
2022-01-14,0.0004092120627303686,-0.0015836871440255695,-0.0028796749096049457
2022-01-17,0.0,-0.0015860698072548418,0.0
2022-01-18,-0.017709629653762105,-0.0010591676019504614,-0.001650255097062403
2022-01-19,-0.010383694675353494,0.0008331457215000615,0.015880526897095182
2022-01-20,-0.011068116415805962,0.0012862341898896013,-0.0024988838330701757
2022-01-21,-0.019630408980008784,0.0009067865497600636,-0.0032624385581478954
2022-01-24,0.00424652255582858,-0.0013590122148788852,0.005494198734739664
2022-01-25,-0.012208869617674867,-0.0006047338636782085,0.0031971345443269072
2022-01-26,-0.0025088409577705972,0.00045380864281274746,-0.016166464916677392
2022-01-27,-0.00493796398617774,-0.0018904433973787604,-0.012898211138547944
2022-01-28,0.02483544770803814,-0.002196847160638171,-0.0029832934474428585
2022-01-31,0.018011065398932047,-0.0028850727754827776,0.005924537392067553
2022-02-01,0.006756844693741382,-0.0004568455716533748,0.0008328835308379912
2022-02-02,0.009714135402238755,0.00030457242285919506,0.0036259919505645666
2022-02-03,-0.023505024983448086,-0.009519425647469437,-0.0014214062993387344
2022-02-04,0.004702405878539873,-0.008150078935779903,0.0015420788696549614
2022-02-07,-0.0032094499356811745,-0.003023231155149353,0.007402581993851909
2022-02-08,0.008227717220030906,0.0014773071227807133,0.003056870675416823
2022-02-09,0.014636190058048504,0.0034938779831226174,0.0033991784238243117
2022-02-10,-0.017965554125110916,-0.00549336840338388,-0.0037965605384254753
2022-02-11,-0.01971871406590231,-0.00046676160928738053,0.019054878321533186
2022-02-14,-0.0032693451063934287,-0.0013230754708327686,0.005350715998122091
2022-02-15,0.01612688817834118,0.0,-0.009499848975192515
2022-02-16,0.0011207716884731322,0.0015587275693855762,0.010284254451501385
2022-02-17,-0.0213613688487142,0.0008558959648523601,0.013668073780773726
2022-02-18,-0.006475049973479252,0.0,-0.0007334549100845855
2022-02-21,0.0,-0.0009329425407281766,0.0
2022-02-22,-0.010731606868282006,-0.002490369920879809,0.0020890378623359407
2022-02-23,-0.017738638896754533,-0.0014822631243899265,0.0045072272703239324
2022-02-24,0.015049035524160592,-0.0017969750752269142,-0.006450131470019049
2022-02-25,0.022064173544065202,0.001408900812672087,-0.003330678220184624
2022-02-28,-0.0025586230407470545,0.0025793954039097233,0.010365345791119474
2022-03-01,-0.015230488539013654,0.01021277914153984,0.018163415997793697
2022-03-02,0.018396379409074015,-0.0037815897284482203,-0.010406339832951472
2022-03-03,-0.004978419117921407,0.00015512336719880615,0.005953415398956663
2022-03-04,-0.008124699853791495,0.00046470087692140893,0.015929145881701023
2022-03-07,-0.029479207626853188,-0.00882554711429806,0.014862865283030269
2022-03-08,-0.00758160539956354,-0.0035929606656838198,0.027358997610294145
2022-03-09,0.02681057805769682,0.0011758102536454373,-0.029711176156992036
2022-03-10,-0.0045152585539002255,-0.005872146737882167,0.0031212277978962533
2022-03-11,-0.012715122542495294,-0.0001575784934497726,-0.007027884128157469
2022-03-14,-0.007308289476896435,-0.004096067324687591,-0.015073711931138378
2022-03-15,0.021990393700335398,0.002056389304201378,-0.01870545038411886
2022-03-16,0.02217414437014309,0.0005525409073285914,0.006260803404375848
2022-03-17,0.012510867464058384,0.0015777199723401303,0.004888644573449508
2022-03-18,0.010952888781967651,0.0030719437681017148,-0.008789852082788041
2022-03-21,-0.00029237956555583366,-0.005182623606437287,0.007640798069546317
2022-03-22,0.011701505933884082,-0.0018943776782397448,-0.007250775291250955
2022-03-23,-0.012878584038650054,0.0010282014386149285,0.013659661796972422
2022-03-24,0.015074419413467988,-0.0002370959962714192,0.007260367097212672
2022-03-25,0.004883750431683431,-0.0028447438025031024,-0.004095451209537915
2022-03-28,0.007112810075411202,0.0007924232527050101,-0.018203790082975457
2022-03-29,0.012370771870066966,0.0015836594503493284,0.00044678784846130526
2022-03-30,-0.006174680811087074,-0.003873834210188054,0.008038419372069505
2022-03-31,-0.01539139739888662,0.00396829496956852,0.000387595883929448
2022-04-01,0.002834144493240931,0.000711467064315352,-0.006365867342034592
2022-04-04,0.008566485302247573,0.0022119094803176864,0.004846769455083555
2022-04-05,-0.012631331771605137,-0.005123380087414309,-0.006264842571455875
2022-04-06,-0.009999277813648733,-0.003327522253657511,0.002343216670796844
2022-04-07,0.005038977739068029,-0.0013513298221089487,0.003784886240234764
2022-04-08,-0.002673832146839916,-0.000636900727343126,0.006265969312183373
2022-04-11,-0.017092415225881896,-0.006770240249999948,0.004959463770487282
2022-04-12,-0.0037052763258039745,0.001202871946921702,0.007676751619003053
2022-04-13,0.01145363136507549,0.0,0.004788537865617837
2022-04-14,-0.01245175573022217,0.00032057713488553574,-0.003303550666205468
2022-04-18,0.0004112039598160866,0.0,0.0030971927027434454
2022-04-19,0.01614265725326458,-0.004404002658709882,-0.015112904376299419
2022-04-20,-0.0007417618670485515,0.0008848069519307167,0.004894947496407287
2022-04-21,-0.014953433960332108,-0.0036963865995472966,-0.0035576001936850066
2022-04-22,-0.02743893662902619,-0.00419385253004767,-0.0097220932450649
2022-04-25,0.00579738624826609,0.0031586362521733857,-0.017970993150090764
2022-04-26,-0.028960740789019557,0.0003230011460282345,0.001525017044941901
2022-04-27,0.0028118416830591464,-0.0023405355483785417,-0.00755702425744631
2022-04-28,0.025259498802759017,-0.0029933352559045057,0.005398323510093839
2022-04-29,-0.03695583950902348,-0.0030022527146343903,-0.00011297696546286318
2022-05-02,0.00601944972903512,-0.001220856784381441,-0.018540493535693647
2022-05-03,0.00458411605925213,0.0009777955268333027,0.00264926246698316
2022-05-04,0.03045294589022518,-0.004070307685195784,0.009822544372671826
2022-05-05,-0.03554286404085005,-0.002288749576267679,-0.003811138551277793
2022-05-06,-0.0059688827524633226,-0.006554095160440365,0.0016558743678838361
2022-05-09,-0.03201732955828407,0.0006597829151047119,-0.014479496708730832
2022-05-10,0.0023105791999273873,0.0037909856605069514,-0.008445202872691127
2022-05-11,-0.01588617884339294,0.0002463304463518057,0.008167128516088473
2022-05-12,-0.001043750822166234,0.0065665380458341804,-0.015333925720196762
2022-05-13,0.023907723186987306,0.0004076788622036087,-0.00810956630229509
2022-05-16,-0.004057695315121679,-0.00040751272787842296,0.009538483763206873
2022-05-17,0.02057039826893714,-0.005055860455234207,-0.006279296383541522
2022-05-18,-0.040311492475305966,-0.00024590646119748705,0.0005314848929158789
2022-05-19,-0.006124637332634797,0.0024593183801626672,0.014697234801531733
2022-05-20,0.0004367275443664109,-0.002616907346588593,0.0006980112537449124
2022-05-23,0.018709918417925353,-0.0017218403986399844,0.004650369455528214
2022-05-24,-0.007633721757862033,0.000985726453030189,0.007521859850632806
2022-05-25,0.008834863983787189,0.002051246515105243,-0.006029994959596108
2022-05-26,0.01998133498746779,0.00024575511344582246,-0.0018488983177334939
2022-05-27,0.02454898482198109,0.00433885398552758,0.00052102106703944
2022-05-30,0.0,-0.0035865588241515978,0.0
2022-05-31,-0.005610907155551126,-0.005726414467044028,-0.009893009276743081
2022-06-01,-0.008088457882130529,-0.0009873591114092362,0.006369033199590923
2022-06-02,0.019043475932965626,-0.002470802112360504,0.012309182073779512
2022-06-03,-0.016411482451347825,-0.0014860684004437408,-0.010152017266979896
2022-06-06,0.0030448196509957892,-0.0017363621774738602,-0.0044037229040009285
2022-06-07,0.009591984322764757,0.000745327972685228,0.006518420844169315
2022-06-08,-0.010871958181231767,-0.004965932276851381,-0.0009251975242893229
2022-06-09,-0.023782707781558665,-0.008900374693748603,-0.0031832564859568535
2022-06-10,-0.028995829896272807,-0.00830890780791349,0.013412283666592417
2022-06-13,-0.03796811079132956,-0.013625576056156996,-0.026412288230091452
2022-06-14,-0.0030133786132765517,-0.005662793291951074,-0.008003209616781914
2022-06-15,0.01425638197176804,0.00707567982000068,0.013050939388113303
2022-06-16,-0.03309606597832093,-0.007025966331810629,0.011243181594596585
2022-06-17,0.002155793626102298,0.0016394552423470987,-0.008222816311715064
2022-06-20,0.0,-0.0012060152157874482,0.0
2022-06-21,0.02517332829650276,0.0012937563420876153,-0.0037367862070599722
2022-06-22,-0.001812808630797802,0.0044793204105189055,0.003985188163408093
2022-06-23,0.009802690512189516,0.007460790032713049,-0.006129257292171064
2022-06-24,0.031793712808962926,-0.0004257690909866829,-0.0009984622015154487
2022-06-27,-0.0038196681959608014,-0.004172563904419335,-0.0011170700540719114
2022-06-28,-0.02043276183323839,-0.006071496085160888,-0.0016480211262837052
2022-06-29,-0.0008144093254676132,0.0011183891187966921,-0.0007663579045243951
2022-06-30,-0.008124220724572528,0.008508207373872922,-0.006077047294322124
2022-07-01,0.010576509753483787,0.008180465079751897,-0.0008310541616338707
2022-07-04,0.0,-0.004395125002723876,0.0
2022-07-05,0.0018885876477507946,0.004669316551376479,-0.02120964335120412
2022-07-06,0.0033771940075255635,0.007605182197885307,-0.015842188833696924
2022-07-07,0.014977180060221418,-0.002515830879275871,0.000555053276362516
2022-07-08,-0.0008227868112070658,0.0021858860817420833,0.0004315313201161963
2022-07-11,-0.011423492007678338,0.004026895694039023,-0.005360507452973451
2022-07-12,-0.008848875619229535,0.005180411236784144,-0.0037167247224720867
2022-07-13,-0.0052517818063586574,-0.004655051453116732,0.004787690503602615
2022-07-14,-0.0024283501916962935,-0.003073056294754739,-0.014047055610919013
2022-07-15,0.019104890598438562,0.005975063816359372,-0.0020084561635671516
2022-07-18,-0.008256805081351959,-0.0032625721147691022,0.0009433945063559435
2022-07-19,0.02701910374675709,0.0025178195879866916,0.0023874693093759447
2022-07-20,0.0063733586796368424,0.0015905808832221702,-0.009402031234323593
2022-07-21,0.010183014773330834,0.0008358596548239117,0.014110421925231709
2022-07-22,-0.009278040379441244,0.015450168751912186,0.00249575020790771
2022-07-25,0.0012150032295239477,-0.00041112207576887716,-0.0027385476219622396
2022-07-26,-0.01183095184363181,-0.0021393033290242336,-0.0011858106875901608
2022-07-27,0.02596641271140543,0.0023086745705260814,0.010184984698782484
2022-07-28,0.012542272318002423,0.010118357754246743,0.012185323455280006
2022-07-29,0.014578820072270071,0.000733037748145815,0.0028110896821249565
2022-08-01,-0.002961193262989159,0.0017090297566566548,0.0056672312077465925
2022-08-02,-0.006597419584519093,0.0011374323937365372,-0.005938288400823777
2022-08-03,0.01565939753896428,-0.00495021110370264,0.002438243761313297
2022-08-04,-0.0006755474149987561,-0.00024475419447500535,0.016539989487255546
2022-08-05,-0.0016902040502716487,-0.006280942556593838,-0.011246066300201418
2022-08-08,-0.001160837278448179,0.0024626351147578607,0.008470017618367853
2022-08-09,-0.003971120986192123,-0.0027023417292850738,0.0030595386607856767
2022-08-10,0.021004164626924116,0.004680341745594729,-0.0025119508170524663
2022-08-11,0.0,-0.002206701658660104,-0.0026382206776995876
2022-08-12,0.016928694225403218,-0.0008190863245336466,0.00919802099904432
2022-08-15,0.004120895541801506,0.0037707879256787535,-0.012867030834262327
2022-08-16,0.001958770428287071,-0.0059616329025319326,-0.001750096754401964
2022-08-17,-0.007097945914341097,-0.008872798725320541,-0.006468335614034371
2022-08-18,0.0029062591069910493,-0.0014090910472257523,-0.0026164156896926194
2022-08-19,-0.013437862801883083,-0.008051815163462761,-0.007320625681104476
2022-08-22,-0.020822453955557263,-0.007113023550497144,-0.006637179344595956
2022-08-23,-0.002419300458441187,0.001432796223379329,0.0069908740848763085
2022-08-24,0.003201031307573654,-0.0008414845949550331,0.0029489200401788818
2022-08-25,0.014117533085566514,0.005222359639299734,0.003062787136294043
2022-08-26,-0.03384905786027326,-0.00762530743030243,-0.012152705301765265
2022-08-29,-0.006612139373864623,-0.007092841407875916,0.0006182375550920494
2022-08-30,-0.010977967182300707,-0.0026362001072954833,-0.008340578885610683
2022-08-31,-0.00760876428361934,-0.003581268038742147,-0.007725314789180926
2022-09-01,0.0031377788409938656,-0.0011123432379256393,-0.008790162100319021
2022-09-02,-0.01054443422085749,0.008395396814904421,0.008804709144487166
2022-09-05,0.0,-0.00671148037041569,0.0
2022-09-06,-0.003773090922665978,0.0005987644931124692,-0.0058394619355668365
2022-09-07,0.017964913803141913,0.00162409961222032,0.010168638866495439
2022-09-08,0.006536215746865581,-0.004267035435930322,-0.006002292729855863
2022-09-09,0.015535340913556794,0.002228410790751978,0.005283756568463582
2022-09-12,0.010747654952637742,0.00393362732978586,0.005068186218703863
2022-09-13,-0.04348260251305669,-0.008347557365218639,-0.01301133993119441
2022-09-14,0.003815973271686035,0.0018037151596221879,-0.003847613448870524
2022-09-15,-0.011353295876913028,-0.004372689561922494,-0.018679143196684067
2022-09-16,-0.007628921136893063,-0.0016362677705030748,0.005549107201315628
2022-09-19,0.007754837193126196,-0.0012075347698528027,0.0007700871329356929
2022-09-20,-0.01147838002072643,-0.007599973639071056,-0.005706587274526553
2022-09-21,-0.01744384713992675,0.0030458189105213584,0.004642973675810236
2022-09-22,-0.008399976713338586,-0.007201072423342669,-0.0005776772692025478
2022-09-23,-0.016754858151703966,-0.0032335424106081367,-0.01727683040546535
2022-09-26,-0.009892606723600261,-0.0047343374050553555,-0.011633219026207842
2022-09-27,-0.002552726352124224,-0.0074875730981524,0.002049841746687875
2022-09-28,0.019676375131109314,0.0036389590797205607,0.02078665233491006
2022-09-29,-0.020888920113672826,-0.003272145908844948,-0.00019392836526865853
2022-09-30,-0.015463477681221471,0.006033227686036646,6.462244018679009e-05
2022-10-03,0.026401062317118695,0.009083694720605218,0.024309785681440932
2022-10-04,0.030986610647331547,0.006205206847679889,0.014328122056449066
2022-10-05,-0.0023281391867808754,-0.009293880441320512,-0.005538266375543777
2022-10-06,-0.010315769209077952,-0.003594613043882533,-0.00112629171222689
2022-10-07,-0.027893880645718516,-0.00659916931413651,-0.010962851258976669
2022-10-10,-0.007635522390533223,-0.005402989621532406,-0.015201476317757034
2022-10-11,-0.006332968986715204,0.0004451717430520308,-0.002058091550185215
2022-10-12,-0.003298319971901331,-0.0032933970175152982,0.00534932850905423
2022-10-13,0.02639109441266152,0.0012503172432529741,-0.006923532232980256
2022-10-14,-0.02278897030230742,-0.0019624176188050013,-0.012458897998479546
2022-10-17,0.02569709128996589,0.005719910177963916,0.0028762090057179446
2022-10-18,0.011749722847706146,-0.00026654853066065964,0.0021509701146735782
2022-10-19,-0.007086428263679445,-0.00346666106851401,-0.013398358104674823
2022-10-20,-0.008385489520654876,0.00017833937823974466,-0.0015822103586343728
2022-10-21,0.024301561910069713,-0.0016944162430372334,0.017827646105301076
2022-10-24,0.012236441617179183,0.004734579882868184,-0.003243594030472474
2022-10-25,0.015968651705272174,0.008180007003095735,0.002277944142005106
2022-10-26,-0.007534102318795699,0.0019401898488136116,0.006363608620383543
2022-10-27,-0.005340075943096045,0.007393686627191531,-0.001548523944967184
2022-10-28,0.023790805600496068,-0.0053298914190879065,-0.010210687443231947
2022-10-31,-0.007223532191329651,-0.004743337173958806,-0.008161399648159207
2022-11-01,-0.00437567418943452,0.0037951910723270643,0.010203429757038585
2022-11-02,-0.02509611021436342,0.0007034211923870881,-0.006972548399621914
2022-11-03,-0.010297093964245496,-0.0049204122568308195,-0.003806036048150885
2022-11-04,0.014393195351602772,0.005033052155062334,0.030696289684813083
2022-11-07,0.00956550371870013,-0.0038657948134662723,-0.003962389674382338
2022-11-08,0.0053955148115520934,0.002822295404262931,0.023099074133724695
2022-11-09,-0.02060193570526392,0.002022935349154986,-0.0050172660211307285
2022-11-10,0.054954055579503835,0.016237994711937098,0.030444387121793204
2022-11-11,0.009678402645469042,-0.004750238042111943,0.006606324071935177
2022-11-14,-0.008506595777566073,-0.0006943383896321764,0.002187655661719301
2022-11-15,0.00852899260162876,0.0028659137960140857,0.0035168677995043307
2022-11-16,-0.007628729085257913,0.0019916059439120115,-0.0022961020109516506
2022-11-17,-0.0030598106614782017,-0.002246944125778194,-0.007267423593311895
2022-11-18,0.004540205805898756,0.0032047525605340965,-0.006893636502166456
2022-11-21,-0.003636017137174541,0.0016405061695841106,-0.005589952950737276
2022-11-22,0.013457061259409375,0.0023274893402105423,0.00117372396636517
2022-11-23,0.006301671406381937,0.0032678123526195257,0.006231840940288613
2022-11-24,0.0,0.00042864212241644495,0.0
2022-11-25,-0.00022378655594312846,-0.0017993064013521742,0.000858470616118101
2022-11-28,-0.01595710475881007,-0.00042915759963901845,-0.007903495498554403
2022-11-29,-0.00171754866556173,0.002662080577157333,0.004940425418036076
2022-11-30,0.031500761818298084,0.0003425469530664582,0.012781920270785507
2022-12-01,-0.0007359646435745049,0.009075517308939407,0.01838479961277617
2022-12-02,-0.0011537453390360053,-0.0013578335602779656,-0.0034556830535615868
2022-12-05,-0.0179891001253083,0.00033995616427162645,-0.017158885635801036
2022-12-06,-0.014414891292673482,0.0007644060783462692,0.0027373742314797944
2022-12-07,-0.001701203258222428,0.0019520302866069539,0.009039101712364994
2022-12-08,0.007834152698789731,-0.0020330113201126876,0.0008416965556858891
2022-12-09,-0.007470435244054219,-0.0038192184036872634,0.003544160110315664
2022-12-12,0.014417267087967867,-0.0009373080191157346,-0.008260534556326027
2022-12-13,0.007569832350734718,0.003240647428553567,0.017081132038632596
2022-12-14,-0.006393490958081616,0.0013600832313536149,-0.0024330212847030186
2022-12-15,-0.024461717622506374,-0.011460034128880081,-0.01635930934057528
2022-12-16,-0.011806066607231047,-0.005667619994971451,0.008708721678036602
2022-12-19,-0.008479819542821954,-0.0007773528693834075,-0.0028178306902848504
2022-12-20,0.0013684551158701375,-0.003975711981917929,0.016594482836064905
2022-12-21,0.014952461061822131,0.003731227060392861,-0.0016560135809358112
2022-12-22,-0.014266080093961575,-0.00311219537292573,-0.012085358459954287
2022-12-23,0.005752144313242891,-0.000433660418530768,0.002998321039039853
2022-12-27,-0.0039433560743621365,-0.0038175714511224923,0.008430011409881644
2022-12-28,-0.012427946779628662,-0.0005224648758210826,-0.004505807286929064
2022-12-29,0.018000333502281807,0.005402566943672138,0.005598251568726287
2022-12-30,-0.002634042737959863,-0.004680174180661023,0.0046786689817972515
2023-01-02,0.0,0.006879134825385158,0.0
2023-01-03,-0.004209849519564046,-0.0019026041853310582,0.008370656531798915
2023-01-04,0.007720007938019302,0.005978663776624593,0.0094119059589024
2023-01-05,-0.011413323263957609,-0.0027563212419594585,-0.012451461859522062
2023-01-06,0.022932010768079047,0.00570063912373997,0.01870749684189077
2023-01-09,-0.0005666597515802119,0.0003434883153197177,0.0022451175785793698
2023-01-10,0.0070128200256258655,-0.004979492568714106,0.0036760446135073455
2023-01-11,0.012647775678948259,0.0066437122455742514,-0.000686793935011365
2023-01-12,0.003640804732539138,0.002963990500673086,0.011568000967502767
2023-01-13,0.0038794882244830298,0.0003455869644859444,0.012001783992939385
2023-01-16,0.0,0.00043170700387262784,0.0
2023-01-17,-0.0018319928436206778,0.007164466981275597,-0.00654507834469964
2023-01-18,-0.015787992264825745,0.0017997548134964791,-0.0028717524486322477
2023-01-19,-0.007279805520572058,-0.004705216630318199,0.015868520044824974
2023-01-20,0.018629165496017785,-0.0031803257842011323,-0.003335405556458948
2023-01-23,0.011998541946890207,-0.0002587026871186948,0.0018964337632443318
2023-01-24,-0.0010733436673517893,0.0025014155215363765,0.003618515163479552
2023-01-25,0.0003749762159761527,0.0012044091374283639,0.004603959599926544
2023-01-26,0.010990222943727312,-0.0007734403301403736,-0.009055266877154966
2023-01-27,0.002297632297507235,-0.0006020545146581124,-0.0013929904624704337
2023-01-30,-0.01254676266670518,-0.00473267664051813,-0.002566715270248765
2023-01-31,0.014703368599813249,0.0009509487646452985,0.0036362115419990015
2023-02-01,0.01062783181861815,0.0011230788812284231,0.012596814339808304
2023-02-02,0.014557002929688867,0.016997358867675283,-0.02075193653580043
2023-02-03,-0.010629231306481746,-0.006532620022071445,-0.024957770292002968
2023-02-06,-0.006111418158281534,-0.004782276204722158,0.0020754098721176284
2023-02-07,0.013078717216112645,-0.0022310273473463704,0.000920425708082595
2023-02-08,-0.010934767554053204,-0.0023219719359904856,0.002471594120761589
2023-02-09,-0.008669251888935081,0.000948152538483793,-0.007912418174625069
2023-02-10,0.002333769005664621,-0.003186351401382237,0.0019071943211166342
2023-02-13,0.01173888505479348,-0.0011229814424966733,-0.005076170279846859
2023-02-14,-0.0004600481423493452,-0.0027676783549080985,0.0007537389032514774
2023-02-15,0.0032472777471674874,-0.0006938582027427032,-0.00996466725346834
2023-02-16,-0.013768794311188826,0.0006074468236965114,-0.0008192368783922488
2023-02-17,-0.002498191072631606,0.00017346132452611407,0.002986790669610162
2023-02-20,0.0,-0.0010406605923550805,0.0
2023-02-21,-0.020060985332878922,-0.005729632434073428,-0.003737004613899475
2023-02-22,-0.0013780456336031088,0.001658928046444741,-0.005626488586046308
2023-02-23,0.005319378793686713,0.00252794354369712,-0.0005304511136865475
2023-02-24,-0.010682418456061327,-0.00652118574987437,-0.00719467575637045
2023-02-27,0.0034060246399902905,-0.00043752556446297053,0.003920334893926292
2023-02-28,-0.0036959707299800693,-0.003152124223914421,0.00455596886271592
2023-03-01,-0.003836050341512909,-0.004918866667041999,0.005772150633673867
2023-03-02,0.007777290051757424,0.0014124120276366448,-0.0005855636445488699
2023-03-03,0.01603775555286502,0.0011457478043366276,0.010723085619275707
2023-03-06,0.0006926941676095311,0.00026429496773916483,-0.005043830646819902
2023-03-07,-0.01532860009085757,0.0001759521125166419,-0.017480480627863337
2023-03-08,0.0016320250995196517,0.0005281346181367219,-0.00047445044105887124
2023-03-09,-0.018449788149710433,0.0017590990587696975,0.009849316056938173
2023-03-10,-0.014429283899195289,0.0026341261829980755,0.021562856843419187
2023-03-13,-0.0014253572363956968,0.005517146934874928,0.022948211912439564
2023-03-14,0.016529955153512965,-0.005225654742136432,-0.005791064746217711
2023-03-15,-0.006254248136346008,0.004202440219957415,0.007804133170404848
2023-03-16,0.017545254155580725,-0.0038360729249479197,0.002020092008242713
2023-03-17,-0.011692772136848828,0.0008751987670445605,0.02912021467748982
2023-03-20,0.009615699720260107,0.003410261007620763,0.0003808677357699519
2023-03-21,0.013130427484720597,0.0039215034828692374,-0.018875115806276432
2023-03-22,-0.017046664195836114,-0.002690934202913664,0.01702060989813825
2023-03-23,0.002703581428527446,0.003046398776507031,0.012538176085624908
2023-03-24,0.006561987609382536,0.0005207561393782978,-0.011252350246951037
2023-03-27,0.001869762952874332,-0.0029488790733536163,-0.009256722051406152
2023-03-28,-0.002244599160724836,-0.0014788370248375315,0.008189093257242153
2023-03-29,0.01453497693514838,0.001742315811934736,-0.00496077000653139
2023-03-30,0.005855145034568299,-0.001304464070574829,0.009039576549164652
2023-03-31,0.01409463520580978,0.004876389612028298,-0.005212246135594234
2023-04-03,0.003810529365423143,0.003639507827737587,0.007204410308019105
2023-04-04,-0.005547975328166865,-0.0007770403864374442,0.018640958960437715
2023-04-05,-0.002618315810123617,0.0028514851773788763,-0.0007979247786651378
2023-04-06,0.0039007104062331877,0.001637058599735619,-0.007134091065472581
2023-04-10,0.0010265116692171894,0.0,-0.007399886547073353
2023-04-11,0.0002685781315772129,-0.005161301182486144,0.006320556237305208
2023-04-12,-0.004076121030035185,-0.0019022808334795416,0.004885138866613126
2023-04-13,0.013282765629276883,0.0014726694644024985,0.013515672558895409
2023-04-14,-0.002442574457831803,-0.001297580694941125,-0.017710313033589165
2023-04-17,0.0035881029709510237,-0.0007795307356476266,-0.0044537552497120325
2023-04-18,0.0006522786389702162,0.0005201413287014844,0.003880780603893852
2023-04-19,-0.00016882039638266289,-0.002512538944645981,-0.004778520212877502
2023-04-20,-0.005457303702814276,0.002779384640811955,0.00393825919904689
2023-04-21,0.0007770401423001783,-0.0029449750659751306,-0.00988766926809792
2023-04-24,0.001043173487775384,-0.00017373257288633148,0.003039335460481629
2023-04-25,-0.015873929601871395,0.003475548369550552,0.005086318131183543
2023-04-26,-0.004235502862000362,-0.001212272589340202,-0.0054373863086726315
2023-04-27,0.01990797310248449,-0.002600639696235696,5.410039265330013e-05
2023-04-28,0.008535226263545415,0.007561783831733893,0.0002706525128974846
2023-05-01,-0.001009724786520949,0.0,-0.004491351825477108
2023-05-02,-0.011239323558495329,0.0013804399115360244,0.019296640909943763
2023-05-03,-0.0068639389787009675,-0.001120079416282782,0.008479075840785555
2023-05-04,-0.007083148414856799,0.003449843100335581,0.00703295344911492
2023-05-05,0.018512789691158327,-0.002578432580055745,-0.015647950479605433
2023-05-08,0.00026661241679115655,-0.0006031023357387921,0.0012269055761324754
2023-05-09,-0.004385523446803097,-0.0018970135109396269,0.007086162362163639
2023-05-10,0.004672479232375126,0.0019868882425819745,-0.001428442843921074
2023-05-11,-0.0017439251443387427,0.002586362676154863,-0.008582755587748347
2023-05-12,-0.0013102095619673682,-0.0025796906605145553,-0.0017100802429794726
2023-05-15,0.0034499087883412827,-0.0010345596140708402,0.0021412620336231925
2023-05-16,-0.0066825975040732954,-0.004401522895183807,-0.0124993937971285
2023-05-17,0.012138741773277673,-8.671459317399766e-05,-0.0034618889303412725
2023-05-18,0.009633417803500688,-0.002860806035976049,-0.012972911279784505
2023-05-19,-0.0014551972182941242,0.003129926488306456,0.0098988291245512
2023-05-22,0.0004063551090631723,-0.002946761501069095,-0.002341497915543389
2023-05-23,-0.011222931170096206,0.0007823088801808264,0.001200731149241463
2023-05-24,-0.007244914487416598,-0.0013028777598238506,-0.008068450017086337
2023-05-25,0.008659911199980552,-8.70011737089671e-05,-0.009618027091793824
2023-05-26,0.01295080753542699,-0.0002608795043348433,0.003995567330169925
2023-05-29,0.0,0.003480083814366708,0.0
2023-05-30,0.00038083948529288314,0.003641327820274043,0.006190554546333882
2023-05-31,-0.005545278833438583,0.0024187444387675505,0.0015382006614657051
2023-06-01,0.009501064701213924,0.001378794319271348,0.00789813034647624
2023-06-02,0.01446119491777531,-0.0011186326187929696,-0.014747450675273721
2023-06-05,-0.0019163252562300892,-0.0026708368365327972,0.006020416015011243
2023-06-06,0.002177510061869725,0.001209517944437355,0.0010980396887689814
2023-06-07,-0.0034576567448089124,-0.003451330885587134,-0.012010543410059138
2023-06-08,0.006048474335284215,0.001991360813854648,0.013211240429905624
2023-06-09,0.001794232914622329,0.0018145284718518173,-0.0026845203333208945
2023-06-12,0.009072019723860292,8.620804423631334e-05,-0.0008788640365902101
2023-06-13,0.006592905141016958,-0.0017248851786011432,-0.007367558613950331
2023-06-14,0.0011907069516587931,0.0005184616808360243,0.0005539277015322863
2023-06-15,0.012397785909656234,-0.004921923279029294,0.007030581691497284
2023-06-16,-0.003406242109375235,0.0032975610827190582,-0.0015392159510752013
2023-06-19,0.0,-0.0025082655019058597,0.0
2023-06-20,-0.0051882618729579555,0.0033815784931665593,-0.010350739592973501
2023-06-21,-0.005123752469332721,-0.0016419414545500999,-0.0014464228474878604
2023-06-22,0.003609950952495611,-0.003116036721939053,-0.009916979914319946
2023-06-23,-0.007560114225062087,0.004428202048170737,0.0027572461643308177
2023-06-26,-0.004085672286328945,0.0019882623328006943,0.0017396047357047806
2023-06-27,0.010963110687271627,-0.0027608268217891307,-0.004593535884055422
2023-06-28,0.0005043909466642127,0.002335905758184209,-0.002307409851291853
2023-06-29,0.003941432105794673,-0.0030208937873662522,-0.001071764681377263
2023-06-30,0.011800663903634767,0.002856843265592879,0.006663323502016594
2023-07-03,0.0011505510520857243,-0.00224436360670921,0.0011218766110339118
2023-07-04,0.0,0.0005190782606259159,0.0
2023-07-05,-0.001487048820723369,-0.0012106271738755447,-0.00353003237800964
2023-07-06,-0.007830700687498249,-0.0064935202452581775,-0.002980200124891419
2023-07-07,-0.0025247160880151887,0.0021786538815062872,0.007500997402107412
2023-07-10,0.0025311064130968397,-0.00043478353346848575,0.0007836956455820054
2023-07-11,0.006368418828638589,0.0,0.0037476125602418087
2023-07-12,0.008046146751399474,0.007307511210194795,0.013541420874312982
2023-07-13,0.007936798601185346,0.004176636230405428,0.0007146999149643118
2023-07-14,-0.0006229019754138143,-0.0016594404067500346,-0.0031866482531699436
2023-07-17,0.003472225152429287,-8.748414349901701e-05,0.0007165567329587841
2023-07-18,0.007430615329347967,0.0055996930520321175,0.011456278139590825
2023-07-19,0.0022237755252101365,-0.001914173432105204,0.00016335645500209495
2023-07-20,-0.006634659693793399,-0.0015691586795696377,-0.005063389149303599
2023-07-21,0.0,0.0012223909654016651,-0.0030645332195952113
2023-07-24,0.004467461548184781,0.002005787770358314,-0.00428147332668416
2023-07-25,0.0027300769459310814,-8.702730763676669e-05,0.005567859975791123
2023-07-26,0.0001536629536655898,-0.003394504976096502,0.0048791150253855164
2023-07-27,-0.006630005937484418,0.003930054859161647,-0.01571197400361901
2023-07-28,0.009790384892540471,-0.0003478855710070672,0.007981390400291666
2023-07-31,0.0019038818015300052,0.00017389490546459996,0.0026944104889450315
2023-08-01,-0.002861473223898847,-0.0022621918264961183,-0.010364679607279714
2023-08-02,-0.013910772599978638,0.0013081004159904985,-0.004765602229612864
2023-08-03,-0.002865735782768719,-0.002090255372382388,-0.0003341470787491252
2023-08-04,-0.004522808187317651,0.001832822601168571,0.003620414278603157
2023-08-07,0.008728407386868975,-0.0001742937611732831,-0.0022753962847783527
2023-08-08,-0.004348557889300664,0.0022653455178360815,-0.006341080194621318
2023-08-09,-0.006685312119114606,-0.0006953595310572602,-0.00475820704444585
2023-08-10,0.00035887500800968475,-0.0008698945534630909,-0.0010686044760203073
2023-08-11,-0.0005830069625684109,-0.0038310854267185057,0.0
2023-08-14,0.005520031427574512,-0.00043714533209437967,-0.003040588549344525
2023-08-15,-0.011649005441147553,-0.0024483437096056715,-0.002654474343068869
2023-08-16,-0.007338064767244523,0.0015778242347628257,-0.005776029417432049
2023-08-17,-0.0076197690266945894,-0.0033257068035541515,-0.0015378724223797935
2023-08-18,0.0004811505087891632,0.002634349682389514,0.00017112823031739666
2023-08-21,0.006506450533914965,-0.003240533472213647,0.002737670236275802
2023-08-22,-0.0027086462730475658,0.0025481822373185636,0.0016495566176504273
2023-08-23,0.011137602427903515,0.004907990464400713,0.01016464068195777
2023-08-24,-0.013858976327508543,0.001482560895783136,-0.00022482031744353037
2023-08-25,0.007049690191138547,-0.0026997082156923202,-0.0012932863561120334
2023-08-28,0.006341454867125007,0.0015718346720592358,0.0028713533365909427
2023-08-29,0.01445486633703319,0.0020925146495576197,0.009768091768254772
2023-08-30,0.004118696918606002,-0.002784121310258847,0.0025018747942815445
2023-08-31,-0.0014634534208136651,0.0034025736061324974,-0.0016637258183913595
2023-09-01,0.001865287736787291,-0.0014781936113006378,0.0004999240959600026
2023-09-04,0.0,-0.0013060193832398204,0.0
2023-09-05,-0.004321942791645328,-0.0010464570141585083,-0.008161685723844458
2023-09-06,-0.00672247028048234,-0.003316635741217322,-0.004534245193468567
2023-09-07,-0.0030701308114062797,0.001926577813335273,0.0010684498647577367
2023-09-08,0.001506020245616746,0.0024474186103555784,0.0003370270596214642
2023-09-11,0.006576696639655211,-0.0002616323570794332,0.001853109993606994
2023-09-12,-0.0054855654361820605,-0.0009593765421461731,-0.005156651253074851
2023-09-13,0.0011658046046023607,-0.0008730046178399009,-0.0023100098564432514
2023-09-14,0.00862239951531385,0.0040192865962220825,0.0005082241752882855
2023-09-15,-0.012048297582953005,-0.0022627297611734765,0.006603816566220333
2023-09-18,0.0005864873152146011,-0.0024422230328999817,0.005887647601878543
2023-09-19,-0.0020739645169887133,-0.0004371530097985188,-0.0009476457412548323
2023-09-20,-0.009193252743617153,0.0017493767845204733,0.0007253927124595272
2023-09-21,-0.01652823868996034,-0.003056135688624395,-0.007248413758109917
2023-09-22,-0.0022485622893135826,0.0012261726166760134,0.0032013033173832195
2023-09-25,0.00420515645167252,-0.0016620534439256707,-0.005150588926742139
2023-09-26,-0.014691306432693896,-0.0014897217568003995,-0.007990985893820302
2023-09-27,0.0003992123392688729,-0.001755057141030858,-0.012366647894697436
2023-09-28,0.005797427674593791,-0.004044020449069707,-0.004997187509914736
2023-09-29,-0.002426952099509716,0.0058257225723583606,-0.01027534966921384
2023-10-02,-0.00039779178056564835,-0.002457298650741513,-0.010498705650611395
2023-10-03,-0.013386035746689506,-0.0028150818068077843,-0.0028882419805683623
2023-10-04,0.007282094650352677,-0.00044108681152632556,-0.00011825651470720455
2023-10-05,-0.00037693076929468106,0.002206480577348513,-0.0018327868021307259
2023-10-06,0.01187282704695547,-0.00070449587147281,0.005153083621109555
2023-10-09,0.006402385771394403,0.005375860856489778,0.01838544744893622
2023-10-10,0.005204719804402513,0.0009643270342669652,-0.0016780958953311886
2023-10-11,0.004096381805940963,0.0014010946051603579,0.007303045938392039
2023-10-12,-0.006096522145795147,-0.002623449415093071,-0.0030496507265770356
2023-10-13,-0.004980781547962776,0.0011397867800608807,0.03214825984540237
2023-10-16,0.010521236634027265,-0.0012261379708896625,-0.004864928190345896
2023-10-17,-4.5850583562434544e-05,-0.003858369720085353,0.001854273768354009
2023-10-18,-0.013325007159517788,-0.002464723449153605,0.014470816805260078
2023-10-19,-0.008786340679166282,-0.0006177582973939666,0.012274016037125302
2023-10-20,-0.012288075713524416,0.0008830259401795271,0.0027308974274993236
2023-10-23,-0.0017333355758755165,0.0021173632357953664,-0.0033770637265356784
2023-10-24,0.007539563294344465,0.002729106262664871,-0.0001093308866343401
2023-10-25,-0.014352322757030134,-0.000790195307375896,0.004208823642007475
2023-10-26,-0.01197453397326409,0.0009664688436394897,0.0015784524505007003
2023-10-27,-0.004532843521158902,0.0011413063368272969,0.011629799758343662
2023-10-30,0.01195581767634879,0.0011397867800608807,-0.00564054701797434
2023-10-31,0.006280318147027675,0.002627428117961461,-0.005456562573315948
2023-11-01,0.010664692771986006,0.0027078894212468896,-0.003150642851826202
2023-11-02,0.0191644088315841,0.0034846452550385543,0.0033240729584831374
2023-11-03,0.009123325474135635,0.0032989282502753348,0.003638921283475316
2023-11-06,0.002300373100815989,-0.0038072896301805104,-0.007792560392528847
2023-11-07,0.00284610386194295,0.0013897995236189509,-0.0041451308444239165
2023-11-08,0.0007324032446240913,0.0019949290061582747,-0.00996764391222027
2023-11-09,-0.007798591061988769,8.663212405424225e-05,0.003982968433291267
2023-11-10,0.015604747936421415,-0.0028565277042427173,-0.010909752197912126
2023-11-13,-0.0009532326484326115,0.0002604741350193951,0.005570720464602941
2023-11-14,0.019400700014197803,0.007116234765546459,0.008919177105678688
2023-11-15,0.002116978423757576,-0.0010340504534177564,-0.002635601473798599
2023-11-16,0.0012232400057665682,0.0012939547554269293,0.011286077178189302
2023-11-17,0.0012437035105934413,0.00043057007463565,-0.00010890234740634774
2023-11-20,0.007697681846331683,-0.0015499000667746898,-0.0016333808174913145
2023-11-21,-0.002179438067467454,0.0021561237905289854,0.01079790063288577
2023-11-22,0.003860915358683048,8.60536790556754e-05,-0.004262252597287075
2023-11-23,0.0,-0.002065253520982857,0.0
2023-11-24,0.0006153401184736396,-0.0006035704471913927,0.005201596914642392
2023-11-27,-0.001800974105430564,0.0038825107155819882,0.006737817869841178
2023-11-28,0.0009901614954577198,0.0030083531498945604,0.013331852960406732
2023-11-29,-0.0007034244952285329,0.005055556105122427,0.0014794398574642376
2023-11-30,0.003937351428214386,0.0003411575096181618,-0.004167950375202456
2023-12-01,0.005915769867549603,0.005795576190740226,0.017271494075951965
2023-12-04,-0.005249299552762987,0.00025420144958165913,-0.02161342646325959
2023-12-05,-0.0001970326388219812,0.003388772737842549,-0.0037794459254785195
2023-12-06,-0.004029759860348148,0.0019418722936201949,0.0036868953454944897
2023-12-07,0.007630481271278855,-0.0005057152967049561,0.0016503277504122948
2023-12-08,0.004299055814138253,-0.002866516457787238,-0.01334039111485108
2023-12-11,0.0038895933725100473,-0.00033811996032728775,-0.011042895165362276
2023-12-12,0.004567198062799704,0.0022836260939316233,-0.0005446421195114404
2023-12-13,0.013790176970828405,0.0024473300840568424,0.022562533466176538
2023-12-14,0.0032093491365003946,0.005892630007115152,0.005862552982469849
2023-12-15,-0.0016465667898450942,0.004854037601224048,-0.009166511771857233
2023-12-18,0.005625198977892598,-0.002748449721492463,0.004545487184575592
2023-12-19,0.006080800419471899,0.0034241705881725704,0.00681394057869511
2023-12-20,-0.013857315461203057,0.0004160539450333012,-0.005445982936102989
2023-12-21,0.009481890201113785,0.0024959073490007366,0.007070635455129759
2023-12-22,0.0020096737648382934,0.0018257613059355915,0.004434417088942322
2023-12-26,0.004222608572685971,0.0,0.007620733251079592
2023-12-27,0.0018079378518727207,0.000993979844939652,0.004537842226414179
2023-12-28,0.0003778604320967549,-0.0002483169362597071,-0.005815437657636813
2023-12-29,-0.002894980597400454,-0.0024003974607772482,-0.001566841018672216
2024-01-02,-0.005596319259629667,-0.004231562664008703,-0.002353909884146743
2024-01-03,-0.008166593599996608,-0.0011666421453592202,-0.008336809604204354
2024-01-04,-0.0032212262064413855,-0.0031701997345002786,0.0010046128932528209
2024-01-05,0.0013697729258461688,-0.0019248086729197755,0.00015845540955172766
2024-01-08,0.014275755936543177,0.0025155798748317526,-0.007816271130823282
2024-01-09,-0.0015169958038812048,-0.002592833454456378,0.0003193567900841021
2024-01-10,0.0056554243497164425,-0.0005031163405000427,-0.00228804710551489
2024-01-11,-0.0004405276778045586,0.0005197444354108072,0.0019733072916665595
2024-01-12,0.0006927133376710692,0.00537393837329625,0.009794068475553752
2024-01-15,0.0,-0.003224113540223894,0.0
2024-01-16,-0.003671213999713596,-0.0007661214745919853,-0.009488181898979597
2024-01-17,-0.0055586723178184805,-0.004600114102192188,-0.01101595063528893
2024-01-18,0.008892599302606552,0.0016260256898363856,0.008232882099906247
2024-01-19,0.012466298297602041,-8.545238387391851e-05,0.00298872590696031
2024-01-22,0.0021142836343215343,0.002648971232804387,-0.003777957126316789
2024-01-23,0.002916443542260838,-0.002045335391935077,0.0038991332271092194
2024-01-24,0.0010931699224414615,0.0015371455220902774,-0.008246890539639895
2024-01-25,0.005438949821616301,0.003069503050010969,0.003969986681303217
2024-01-26,-0.0012704111025140241,0.0009351820627707674,-0.0006946931881827156
2024-01-29,0.007919417353429603,0.0025476975661666845,0.0070584854445867595
2024-01-30,-0.0007735470524883326,-0.0023719190675984825,0.0013805262268788976
2024-01-31,-0.016317237435571896,0.0035664069903655893,-0.0007423479101065222
2024-02-01,0.01308812108864399,0.0008460018898439614,0.01040067256889099
2024-02-02,0.0105273595970663,-0.004142298614066453,-0.009453300862028224
2024-02-05,-0.0036411007082581826,-0.002801319438851757,-0.005513988032274764
2024-02-06,0.0029033059196590383,0.0014470252198703903,0.005224693124019186
2024-02-07,0.008340329259773238,-0.0020399808202660186,-0.0002651978305409086
2024-02-08,0.0004418115102915454,-0.0015332869944257865,-0.0009018470501077624
2024-02-09,0.005779461124794105,-0.00034121498863626254,-0.003876152075832917
2024-02-12,-0.0004390161957998906,0.001450676106616866,-0.0026119694947860372
2024-02-13,-0.013773086483303443,-0.0019597954254371164,-0.013788690196348319
2024-02-14,0.009087670580652185,0.0019636437655059513,-0.0005961123453055439
2024-02-15,0.006899611008886364,0.0012782605471104436,0.0067238125229136525
2024-02-16,-0.004979857636436491,-0.0018723146188958095,0.0036625695484677756
2024-02-19,0.0,0.0,0.0
2024-02-20,-0.005505422023659223,0.0017053413516003868,0.006064210073093879
2024-02-21,0.0009057642816157063,-0.0024684900922994357,5.331256612173263e-05
2024-02-22,0.02069547601480526,0.0011092499757729968,0.00042672195902415666
2024-02-23,0.0006897395023879316,0.0022161809883460837,0.005651511902278639
2024-02-26,-0.0036625528988423195,-0.0019561700423653683,-0.0022266895335479875
2024-02-27,0.0018577464594087267,-0.0018747079248049303,-0.0010626830578386315
2024-02-28,-0.0013217087460413168,-0.0004267941998089553,0.00180849115899262
2024-02-29,0.003595021488926431,0.0018790310152387857,0.005150266749304189
2024-03-01,0.009388276199003842,0.00042617563363966937,0.018910791174389097
2024-03-04,-0.001072394746922778,0.0011931034737058255,0.016174996770490724
2024-03-05,-0.00999415698145234,0.0021278491191603077,0.006020141664404566
2024-03-06,0.005067216135458574,-0.0007644296674432782,0.008215401882095241
2024-03-07,0.009926535382817292,0.0033998869549558552,0.005683843351386164
2024-03-08,-0.006002256617515078,0.0024565020224525114,0.008452547868211147
2024-03-11,-0.0008598592433949337,-0.0006759023662240571,0.00183502012710135
2024-03-12,0.010757490470053366,-0.0007610684229784059,-0.01094062729637224
2024-03-13,-0.0015677488747486423,0.00042317621071230604,0.00700740378557585
2024-03-14,-0.0019766652014122643,-0.00211470979870787,-0.004175139558116325
2024-03-15,-0.006866599813079466,-0.0014410306878218648,-0.00319440663913817
2024-03-18,0.0059432125182403706,-0.000933773146283956,0.0016022835845583838
2024-03-19,0.005557010974317933,0.0013594092577324801,-0.0011498061737871268
2024-03-20,0.009249276138730833,0.00016979938801564565,0.011911859798154678
2024-03-21,0.0033049489428722545,0.0027995865106726914,-0.0010386361790747367
2024-03-22,-0.0018959699623571913,0.0021150678118879718,-0.00802096899240623
2024-03-25,-0.0027628113418188827,-0.0019416644592898935,0.0031944066391380588
2024-03-26,-0.0018470973621547149,0.0007611877927355959,0.003233961285236564
2024-03-27,0.008403962363774387,0.003380989734127038,0.007240660177973313
2024-03-28,-0.00019126510604461355,0.0014320478442355622,0.012900024807739996
2024-04-01,-0.0017397039527077274,0.0,0.010208079384865787
2024-04-02,-0.006358141964658892,-0.0034487710495253454,0.014772360490971526
2024-04-03,0.0010986046142840156,0.001772563574462982,0.008772374739768773
2024-04-04,-0.012206081350283449,0.00176942715234496,-0.005734705223284009
2024-04-05,0.010446699047818697,-0.0020186698808630776,0.017114197447370305
2024-04-08,0.0005593241800980753,-0.0005056882879317381,0.00622848536623688
2024-04-09,0.001156833222688114,0.001517832413869824,0.005497054993034878
2024-04-10,-0.010013018898953119,-0.002778372387138628,-0.009463856185613961
2024-04-11,0.007546866711725997,-0.0025330620885937183,0.019433247203493043
2024-04-12,-0.013803104991042203,0.0038937261479643492,-0.013239324939518515
2024-04-15,-0.012528101211725318,-0.004047211780035198,0.01871915519396472
2024-04-16,-0.0018237488915288091,-0.0031323456470638833,0.0012220152803359419
2024-04-17,-0.005918302223910876,0.0012738487830834533,-0.007368252752093185
2024-04-18,-0.0020576018605662494,-0.0001696581201907632,0.0034154561341945833
2024-04-19,-0.008728497214191555,-0.000593834921371883,0.003131535140574959
2024-04-22,0.009209144977934569,0.0027162572518419914,-0.02470249054532203
2024-04-23,0.011866672246626297,0.0003385864805784955,-0.002458663172418052
2024-04-24,-0.000474669155042573,-0.004061869812896024,-0.0018600907225296837
2024-04-25,-0.003798847326095478,-0.0016144892659322174,0.005963468053189924
2024-04-26,0.00947388550375683,0.0027234235689015396,0.003241927353549112
2024-04-29,0.00354149125067571,0.002206776006691724,-0.002031218037689575
2024-04-30,-0.015841276750215183,-0.003048776060988745,-0.019937078844561418
2024-05-01,-0.003247088879140936,0.0,0.00906215232545482
2024-05-02,0.009353343578700324,0.002038733014401606,-0.0030870874411647042
2024-05-03,0.012395359318103205,0.003051808345079454,-0.0007976266365629092
2024-05-06,0.01032679465230224,0.002112991718055124,0.010518361024399514
2024-05-07,0.0011034322831826593,0.0016025069424983052,-0.004600326433150892
2024-05-08,9.665698605743067e-05,-0.0021050941132642054,-0.002941061869504713
2024-05-09,0.005761807377436812,-0.0011814249601219684,0.015778607960932778
2024-05-10,0.0012882240957041713,-0.0011827534027438746,0.008112513438038427
2024-05-13,0.0001342624430435979,0.0010149693827696815,-0.011202103844459854
2024-05-14,0.004588134581680503,-0.0019433740093680596,0.008462045119477013
2024-05-15,0.012383087546124383,0.005418326219581271,0.012838750510223873
2024-05-16,-0.002057662704757268,-0.0010105771681193643,-0.0038933433506626036
2024-05-17,0.0014377521210331423,-0.002360123492209265,0.0164977725898805
2024-05-20,0.0011520457077323076,-0.0001689987692060635,0.004023937591649318
2024-05-21,0.002452651928423144,0.0012676360188832447,-0.001469548604570936
2024-05-22,-0.002879527434167306,-0.001266031152193814,-0.01837396956557802
2024-05-23,-0.007304155494412545,-0.0025349960747713673,-0.019944570339717638
2024-05-24,0.006616391238277064,0.00025418536081844856,0.0009271136061119734
2024-05-27,0.0,0.002202034238468764,0.0
2024-05-28,0.0006988454407301781,-0.002028223325078793,0.010513172896031486
2024-05-29,-0.007002572877040092,-0.0026250551625243146,-0.009303812074716977
2024-05-30,-0.006633705018401992,0.0016131863147010872,0.0018967600627461945
2024-05-31,0.009108317092870521,0.00025433617220937954,-0.00586417430627717
2024-06-03,0.0008152794053926105,0.003050704505033641,0.008917780500373507
2024-06-04,0.0011178601524610698,0.0012674907690457538,-0.008977059834655465
2024-06-05,0.011885048486894423,0.0010968258668202502,0.011845603201319
2024-06-06,-1.8475415711427523e-05,-0.0016014927079162078,0.007391356612921562
2024-06-07,-0.0012157749755693503,-0.003798962667313499,-0.03568330143379639
2024-06-10,0.003089558442166629,-0.0011865311520643518,0.009168181127878317
2024-06-11,0.002408336668519029,0.002121169256713129,0.0028566106093961263
2024-06-12,0.008213080638207026,0.0038947150204053926,0.0026617200115086614
2024-06-13,0.0020136483691364226,0.0005903103174509372,-0.008150148984962247
2024-06-14,0.0006083205994782404,0.0024443546315393583,0.012959545903254766
2024-06-17,0.007958879582898204,-0.0026906088798330785,-0.005191652247571676
2024-06-18,0.0025405909456592823,0.0014332551680853456,0.004007271832187298
2024-06-19,0.0,-0.0004208654982464921,0.0
2024-06-20,-0.0027163034745887327,0.0004210427005924,0.012484347826456466
2024-06-21,-0.001340934553204276,0.0011786708417329539,-0.015493238109986152
2024-06-24,-0.0032502841237486146,-0.0004204386746186062,0.003957566385821121
2024-06-25,0.0038508479340488844,0.0008412310352987618,-0.004962237629221655
2024-06-26,0.0012479227976165408,-0.0015129843040659896,-0.009228168111804491
2024-06-27,0.0015764091777425993,0.0003367052889191591,0.011336925587312363
2024-06-28,-0.003935105210455703,-0.0002524954971636628,9.297647872519299e-05
2024-07-01,0.0020581176325360495,-0.0013467765877902549,0.002604589701363791
2024-07-02,0.006729625367541514,0.0009272306955339094,-4.643394389247657e-05
2024-07-03,0.004462745693646131,0.0030315745356264134,0.011273000380832565
2024-07-04,0.0,-0.0009235718582980557,0.0
2024-07-05,0.005766357317971371,0.0019328961944935497,0.013486798057397165
2024-07-08,0.0011539403636429135,0.0013418508036655563,-0.012402074526820739
2024-07-09,0.0009724798854346961,-0.0016751342001596337,0.0016957473442755777
2024-07-10,0.009895418424408886,0.0015101230853746817,0.0036603361122538036
2024-07-11,-0.008622834507458599,0.003686035892837003,0.017733403441032136
2024-07-12,0.006307657436101399,-0.0013354913259504553,-0.0006270969301161999
2024-07-15,0.0027502318104990486,0.0010865804112152322,0.0032271131671974818
2024-07-16,0.005930191894990111,-0.0005009176219192835,0.019925798233449088
2024-07-17,-0.014021283250597039,8.360767242931999e-05,-0.004643206403117217
2024-07-18,-0.007684813223276632,0.002376823326799782,-0.006381186355259194
2024-07-19,-0.006640716928150603,-0.0024595559343359996,-0.017937829186174925
2024-07-22,0.010310039029305162,0.0007651572224192105,0.00031573231212611574
2024-07-23,-0.0015685213495305605,0.0021239706810409764,0.003516676143213937
2024-07-24,-0.022662703341900237,0.0007628837181343773,-0.0035043524704835294
2024-07-25,-0.0052100473035633366,0.0006777076250805703,-0.01564473026582147
2024-07-26,0.011199477748159437,0.0015237076070286903,0.010534525866662925
2024-07-29,0.000587779587347903,-0.00025356490905736884,-0.0014050562105476505
2024-07-30,-0.005066577985250231,0.0020291693948195633,0.009985461488319247
2024-07-31,0.016254587441305146,0.0013499724584502548,0.018110725786084414
2024-08-01,-0.01416068958447847,0.002527878849976739,-0.003442943141866439
2024-08-02,-0.01861838474253741,-0.001596957528938736,-0.0019046282784819235
2024-08-05,-0.02912381396768482,-0.004714197990778657,-0.012691935106198704
2024-08-06,0.009219525118752125,0.004228986160711656,-0.008000713832612472
2024-08-07,-0.0066839961423128536,-0.0009264265452113563,-0.0006796279952806517
2024-08-08,0.023117314519645493,0.0001685789410619254,0.015688013635013043
2024-08-09,0.00440963576112674,0.0009271969222524046,0.0024552612171107047
2024-08-12,0.0005254581184506169,8.423096955922915e-05,0.017144665770273848
2024-08-13,0.01644542365219892,0.0007577447129087922,-0.001532358906807807
2024-08-14,0.0031549520537195175,0.0015145444113946471,-0.008155751250824572
2024-08-15,0.017140245330878434,-0.002436413023188644,0.0031388449312386157
2024-08-16,0.0022420918317906935,0.001010721743278209,0.02238773852658915
2024-08-19,0.009561144985421599,0.000588868654823882,-0.0016380226467286318
2024-08-20,-0.0016260028604554444,0.0014294220984178985,0.0036699887797402297
2024-08-21,0.003436664536923706,0.001091515348866423,-0.0013336178629832496
2024-08-22,-0.007848466045301983,-0.0017613256718816972,-0.011975011209935604
2024-08-23,0.010625420294278154,0.0010923164420784115,0.011553425520716143
2024-08-26,-0.002384001381798395,0.0,0.0031893380775307456
2024-08-27,0.0013730986678519574,-0.0010071763926632338,0.002706671669018279
2024-08-28,-0.005805250282960306,0.0010081918196631623,-0.007026862307456638
2024-08-29,8.952221702562824e-05,-0.0004196736603075957,0.005177980359189593
2024-08-30,0.009546098252218416,-0.0012594822323162003,-0.0071260085162319076
2024-09-02,0.0,-0.0010928918267039123,0.0
2024-09-03,-0.02057899391929241,0.0021039937402018705,-0.0043235765879541255
2024-09-04,-0.0020471024328968523,0.00209971097564976,0.000607926500195255
2024-09-05,-0.00243203953339588,0.0006703598303610114,0.008332306942507639
2024-09-06,-0.016830159831468183,0.002428863130153225,-0.007402630408956501
2024-09-09,0.011196316648133253,0.00033421080143569704,0.004205876079289794
2024-09-10,0.0043556714229291416,8.34745399638237e-05,0.004404097525005923
2024-09-11,0.010258947550831232,0.0002506036829028613,-0.001590555949419148
2024-09-12,0.00842317294279371,-0.0011689899351005062,0.017567284525531468
2024-09-13,0.005222739151962363,0.0020063377018431083,0.009943683944142245
2024-09-16,0.0014769021005409666,8.331012471618493e-05,-8.374817448153493e-05
2024-09-17,0.0004086798235511946,-0.0002502441050953319,-0.0055309113549146804
2024-09-18,-0.0029658410855042394,-0.001585231420295985,-0.007710465405288858
2024-09-19,0.017064491041375307,0.0027577458370540153,0.01554075728197235
2024-09-20,-0.0017287449719705084,-0.0008334045830633574,0.012710660066880486
2024-09-23,0.002498934268385433,0.002502299176792455,0.0019404068737312041
2024-09-24,0.0028614414305352387,0.0011648382230311505,0.01396907347432852
2024-09-25,-0.002205778720472118,-0.001745224430422354,-0.001381767735031958
2024-09-26,0.003964857529213051,0.0004994882248989807,0.005086884066794806
2024-09-27,-0.0014504715688140601,0.002246641617512646,-0.007935830791900744
2024-09-30,0.004007338016461137,0.000332035447214718,-0.007999374253898295
2024-10-01,-0.008958432638663472,0.0039008205263737494,0.010491249392624136
2024-10-02,0.00042208177110447664,-0.002810865825321196,0.00020358719772617384
2024-10-03,-0.0018282857429317012,0.0004145590973809732,-0.0006920058878576718
2024-10-04,0.00908748932367165,-0.0026519059522941424,-0.001996030315693287
2024-10-07,-0.00904056543870424,-0.0011632229854408038,-0.0033877625757333663
2024-10-08,0.00945754134781529,-0.00016641589734900375,-0.007371925565205384
2024-10-09,0.006926462109488218,-0.00041597551530614396,-0.005446185963701722
2024-10-10,-0.0017500612795954273,0.001331769064954802,0.007342892553628744
2024-10-11,0.00598826804147734,0.0,0.010913408354139564
2024-10-14,0.008178450457311026,-0.0009975483686940345,-0.001629502157067031
2024-10-15,-0.007769626992407019,0.0020803176547412594,0.003468359323146597
2024-10-16,0.004346282524116507,0.0033213718124118774,0.005001609209081437
2024-10-17,8.589010206727643e-05,-0.00024827660190851475,0.00598831083503093
2024-10-18,0.003846585926947199,0.001986706067899746,0.010618185005034864
2024-10-21,-0.0016423109811971592,-0.004213512185268886,-0.00019900127714245208
2024-10-22,-0.0005310922072517821,-0.00024882803261072617,0.01078732362833379
2024-10-23,-0.009137531074060123,-8.307426433173948e-05,-0.012050555849465017
2024-10-24,0.0021628346516617825,0.0028218970798767895,0.007693259346016168
2024-10-25,-0.00034537534899536926,-0.0016552879862536951,0.0020569789010425055
2024-10-28,0.003091426259955732,0.0009947530103413538,3.945407605776552e-05
2024-10-29,0.0016182856761448594,-0.002649949989600664,0.010894858433216914
2024-10-30,-0.00302512486502704,-0.0020759989175419546,0.005505891218995584
2024-10-31,-0.01960327281078511,-0.0030787286335111075,-0.015495166963743978
2024-11-01,0.004220669678132172,0.0025874558469485276,-0.0041023758773532926
2024-11-04,-0.0021540154795790523,8.320351981616625e-05,0.0014259144001700363
2024-11-05,0.012091709364581815,-0.0006659066352557863,0.002254447895034817
2024-11-06,0.02486569608888134,0.0038317317338787404,-0.030386729020158154
2024-11-07,0.007732166018771691,-0.0007468742073072354,0.016076503855530166
2024-11-08,0.004331637854797288,0.0021591678740866538,-0.006769426092267161
2024-11-11,0.0009529299349826381,0.0029830889610023004,-0.02347155656813127
2024-11-12,-0.003106343791748234,-0.001239229308051426,-0.008631355179477884
2024-11-13,0.0004857694632012244,-0.0006617865822537983,-0.010081225320474285
2024-11-14,-0.006430017150249601,0.002400448830948143,-0.0026091417886487944
2024-11-15,-0.012808604212286911,-0.001651465036869637,-0.0017720694429753658
2024-11-18,0.004097275204330675,-0.0010752644654983268,0.019020246289590537
2024-11-19,0.0036553770825054066,0.000827955540926073,0.008959325127211537
2024-11-20,0.00033879909560963206,-0.0004963889034517166,0.005632045702723465
2024-11-21,0.00536823637410988,8.272830788746965e-05,0.008339500390982302
2024-11-22,0.003099488700005315,0.0033107838781574195,0.012892210445830665
2024-11-25,0.0033920482951392827,0.0014848669624709654,-0.029458856541118794
2024-11-26,0.005221481460455202,-0.0009885096734997267,0.0019383092584315254
2024-11-27,-0.003029956675746681,0.001978909445696342,0.002222714763140843
2024-11-28,0.0,0.0013990223675259816,0.0
2024-11-29,0.006212064903861725,0.004190873940252082,0.008624546377060671
2024-12-02,0.0017923617528994296,0.0008183980717628714,-0.008754403389975018
2024-12-03,0.00046378255535328705,0.00016350641708573477,0.002012776164397767
2024-12-04,0.0062097066067945406,0.0009810092736197706,0.003033679807253664
2024-12-05,-0.0016458046754880273,-0.0010617403278089244,-0.007397709454119217
2024-12-06,0.0018958415710579324,0.0015534791492903821,0.0003705687954560499
2024-12-09,-0.005149830201059191,-0.0004081314077056808,0.009919751769426055
2024-12-10,-0.003109016445658197,0.0013065799526248423,0.01316431251835759
2024-12-11,0.007730560713786305,-0.0004892790706118033,0.009533812345188464
2024-12-12,-0.005152593642935521,-0.0022848782153169767,-0.014663722649505995
2024-12-13,-0.00019841622728100639,-0.0028624253421176693,-0.012091578404740733
2024-12-16,0.004269880290139971,8.197511877505725e-05,0.002415209844427002
2024-12-17,-0.004120052972255928,-0.00024597098344980584,-0.0038386247250202787
2024-12-18,-0.029803576519657926,-0.00032821747052635963,-0.01918507783771317
2024-12-19,-0.0003069993520904424,-0.003528640551207274,0.0014210967336203417
2024-12-20,0.01201110286046525,0.0003294878768873577,0.010434056495473909
2024-12-23,0.005988113644693316,0.0004938709225190685,-0.004708795377563968
2024-12-24,0.011115170727943768,-0.00024684656809348393,0.001992014086009908
2024-12-26,6.652365111459169e-05,0.0,0.006751179863859091
2024-12-27,-0.010526513060112985,-0.001069888558886678,-0.0068705038771271765
2024-12-30,-0.011411712672685148,0.0007415158884649387,-0.0031896811646235923
2024-12-31,-0.0036379457138790983,0.0004939115935889138,0.006233636577161361
2025-01-02,-0.002457043731384778,0.0009874675450902703,0.013587714119632333
2025-01-03,0.01250336668616514,-0.006247879550209112,-0.007864039973028869
2025-01-06,0.00576066668960995,-0.000744521743319515,-0.0012320959587239777
2025-01-07,-0.011304119376359778,0.0,0.005633435188264313
2025-01-08,0.001461149517568261,-0.0014902193440046174,0.005315681488123669
2025-01-09,0.0,-0.00016586399312179534,0.0
2025-01-10,-0.015267585312093268,-0.000995016470086818,0.009558310004399662
2025-01-13,0.0015505471876331445,-0.0013281875719381997,-0.009951255605703757
2025-01-14,0.0013758227325151307,0.0003324885000781652,0.005249423200524461
2025-01-15,0.01819008703167513,0.003572913413367962,0.007488993695735191
2025-01-16,-0.0019231741492636845,-0.00017180681396322672,0.006910965874952435
2025-01-17,0.010039953635990084,0.0031165678059741353,-0.005307269747253374
2025-01-20,0.0,0.0002519543346177766,0.0
2025-01-21,0.009153480738035569,0.0002518246696554538,0.01548521901629396
2025-01-22,0.005621365357123098,0.0010070450798276287,0.005135652699768123
2025-01-23,0.0054581246987903675,-0.0011737700703905452,-0.0014148699521492336
2025-01-24,-0.002919177000467954,-0.0026861693061137615,0.006218705580030903
2025-01-27,-0.014145367696859479,0.0032825947213126483,-0.0104048052682425
2025-01-28,0.008592344588856049,-0.0011745254596949861,0.008656417783572623
2025-01-29,-0.004483022040526308,0.0004200517971155726,-0.0038404097330004827
2025-01-30,0.0053670789593280865,0.004029797781850197,0.01514551884715587
2025-01-31,-0.0053217455734846375,0.004348268170305092,0.0019763991077348386
2025-02-03,-0.006729648336339378,0.0011655610808039008,0.005337271410283728
2025-02-04,0.006708326846265988,0.0010810513760730611,0.00984841707528572
2025-02-05,0.004054500120593607,-0.00024918887514480126,0.006209542410714253
2025-02-06,0.003475716510411786,0.001661869808294858,-0.0026502562908058414
2025-02-07,-0.009153480262878433,-0.0029034306599138304,0.0017841598670260694
2025-02-10,0.006791088357224195,0.0017471310698633502,0.016938239196991
2025-02-11,0.0007604295710461617,-0.0029897833134044927,-0.0036516022155236305
2025-02-12,-0.0032212886156959275,-0.0008330442004765848,0.0010471549570203464
2025-02-13,0.010557361833585244,0.0043352179343896236,0.009862831092105617
2025-02-14,-4.9152160770615794e-05,-0.0008300744461767762,-0.014871773334245608
2025-02-17,0.0,-0.0019108031557634186,0.0
2025-02-18,0.002935868815777898,0.001498251241623283,0.01656090548123368
2025-02-19,0.0023549433000009667,-0.0028257453948018485,0.000554096378723612
2025-02-20,-0.004160263017604526,0.0005000392380947183,0.0005168326664386491
2025-02-21,-0.01710418249222523,0.0036654501710438048,-0.0009225433005247696
2025-02-24,-0.004550479994154144,-0.0018260645830849853,0.005429568123388684
2025-02-25,-0.004973053296503771,0.0011641729034790327,-0.013188334192659745
2025-02-26,0.0005046465936875411,0.000498294937944399,0.0015263333689308212
2025-02-27,-0.01596193074154484,0.0009962244546459775,-0.015239958822878874
2025-02-28,0.015605715974889689,0.0005804762730650115,-0.006265820058134697
2025-03-03,-0.01752008108508618,-0.002154999997385554,0.013180390342641513
2025-03-04,-0.011836788638108442,-0.0019104203717387191,0.008697635934455272
2025-03-05,0.010747808210532117,-0.008988011325382517,0.0020813110966888537
2025-03-06,-0.01775099668021063,-0.002603327334705252,-0.005081207410422395
2025-03-07,0.005604862391113796,0.002273300231858233,0.0005219558189655249
2025-03-10,-0.026635660521632576,0.0005881183141951407,-0.008755937163287819
2025-03-11,-0.008313068893205378,-0.002098913699776439,0.011727541035094546
2025-03-12,0.005306665047886794,0.0002523755244305814,0.004346793335703092
2025-03-13,-0.013330418660348009,-0.0030280074772921495,0.017756144523255468
2025-03-14,0.02065582868057092,0.0022779031156356933,0.00039975774946587883
2025-03-17,0.007711325129997171,0.002525229058182532,0.0054135329342379634
2025-03-18,-0.010808336296617704,-0.0005038001521663338,0.011671955843306048
2025-03-19,0.010890562167658047,0.0010081081893917876,0.004107707999658539
2025-03-20,-0.0028915839446995717,0.00025174014381756926,-0.0012805854303336028
2025-03-21,0.0003298107530131933,0.0010907317310704379,-0.008049901213267985
2025-03-24,0.017908555198050014,0.0006704068637397587,-0.004452548665506595
2025-03-25,0.0024037742901859005,0.00016755547459945674,0.004400365088198743
2025-03-26,-0.011938126986071662,-0.00100490029213951,-0.0008259812019960622
2025-03-27,-0.0026556432337285774,0.001005911132530457,0.013405732882559862
2025-03-28,-0.020138390607440493,-0.00016752740446568382,0.007412123023167849
2025-03-31,0.00671277169810125,-8.374471493577396e-05,0.014363222998346137
2025-04-01,0.002824468752555598,0.0021778091472475225,-0.0019782303576065807
2025-04-02,0.00632832407041195,-0.0008357632045116192,0.0020516615880092903
2025-04-03,-0.04928069709227745,-0.000585543390796861,-0.006038278082531101
2025-04-04,-0.05854306726048053,-0.0025109230830154816,-0.02339226273628292
2025-04-07,-0.0017811321197329644,-0.00495052190923051,-0.02148580630415131
2025-04-08,-0.01566283611567243,0.005228168138961875,0.005443793790763651
2025-04-09,0.1050193499563612,-0.005033220192600996,0.03699125081478161
2025-04-10,-0.04381910665097133,0.004721338697046384,0.0244235794430141
2025-04-11,0.017842825299162257,0.0006713831120743752,0.019086664805096243
2025-04-14,0.009701552505080091,0.00410898311115826,-0.005705977012200658
2025-04-15,-0.0028009238239182777,0.002171377541511532,0.005232379352138938
2025-04-16,-0.02222803272207108,0.0009167173161197528,0.0325408102664011
2025-04-17,0.0014268092873082061,0.003663313897686038,-0.004390692094044635
2025-04-21,-0.023802643664465384,0.0,0.03093558529908469
2025-04-22,0.026017697286444985,0.0003317178523469799,-0.014195668551963636
2025-04-23,0.015495355748962103,0.0012439054550765771,-0.023978630729734163
2025-04-24,0.021049134902774158,0.0018221324664635663,0.014556277018207942
2025-04-25,0.007225151050962442,-0.0013226999272446527,-0.010841679678267213
2025-04-28,0.00038141420809401083,-0.0014901306506499568,0.01424210344049559
2025-04-29,0.006299340378101537,-0.0009948375924524466,-0.009738925467677184
2025-04-30,0.000396812712974981,0.0014107949042019285,-0.007482221012837353
2025-05-01,0.007086915718260034,0.0,-0.02077228754256477
2025-05-02,0.014844241310975725,-0.001905987365955597,0.0017481999132260562
2025-05-05,-0.005734294466325229,0.0004981294284036597,0.029867754776654154
2025-05-06,-0.008358430352621848,-0.0007468875703524613,0.02802400275899264
2025-05-07,0.00420554784974847,0.0029897833134044927,-0.014993060801348546
2025-05-08,0.006967790512363292,-8.279472145777955e-05,-0.0196942722998793
2025-05-09,-0.0012741154091596707,-0.0009109479487606764,0.007254674259445482
2025-05-12,0.03304739833427317,-0.0033982214632274355,-0.028190568373488878
2025-05-13,0.006603834423700716,0.0009979816072849257,0.004258992599597278
2025-05-14,0.0012780596636838837,-0.0007477563542092058,-0.021037827999516923
2025-05-15,0.004884342398821628,0.002244947736562475,0.015963953531585195
2025-05-16,0.006334078244299102,0.0014932794899638058,-0.012087047232674286
2025-05-19,0.0010938140906693317,-0.0008283554814942917,0.012880671121226372
2025-05-20,-0.003362128049795521,0.002155535930916219,0.0186222454642182
2025-05-21,-0.01685079340484308,-0.0023163383496636047,0.007378683875855163
2025-05-22,0.0003946470773714683,-0.00033171111146568233,-0.008861493387459118
2025-05-23,-0.006825886893621624,0.0018248529681577086,0.021906288045034472
2025-05-26,0.0,0.0017386757884794157,0.0
2025-05-27,0.020790776540780653,0.0009091511087484516,-0.016949152542372836
2025-05-28,-0.005785518908830278,-0.0004954146470174114,-0.0022660178699712707
2025-05-29,0.0039473827948730555,0.002726391723360644,0.0059247154716217665
2025-05-30,-0.0011184568183596477,-0.0001648358109924697,-0.006576942326457891
2025-06-02,0.005633111214039088,-0.0003296609891935143,0.026581051258171673
2025-06-03,0.005702380880463043,0.0007419655769316247,-0.008855551213511115
2025-06-04,-0.0002683402981673577,-0.0004942553292240914,0.006441974072654677
2025-06-05,-0.004832872149647116,-0.0018130573926443683,-0.00504987891618125
2025-06-06,0.010268979858962801,0.0016511744947871332,-0.013416073696802311
2025-06-09,0.0009012828881442836,0.000659485043969843,0.004718534884218695
2025-06-10,0.005669767615193333,0.0013179709068154022,0.000293510988597534
2025-06-11,-0.0028521190306726174,-0.0004113481222746129,0.005412290790508978
2025-06-12,0.003974329163849877,0.001152131901547948,0.0124202002480438
2025-06-13,-0.01118006439646746,-0.001972828842998875,0.013100564311248064
2025-06-16,0.009514299887150468,0.0014002206396470651,-0.01425909653729851
2025-06-17,-0.008545134095127027,-0.0004935235813012806,0.0005131941200071655
2025-06-18,-0.00015063575417118003,-0.00032913491637365233,-0.005385627565021256
2025-06-19,0.0,-0.0018109678778777116,0.0
2025-06-20,-0.002348535817909503,0.002803840301996763,-0.00041901914110908933
2025-06-23,0.009877375905910313,-0.00016445918899177236,0.0030631724583116693
2025-06-24,0.011047208993087754,0.0007402529416995485,-0.015719378751237634
2025-06-25,0.0005603646306042709,-0.000575340803711577,0.003037305817845004
2025-06-26,0.007823779874487347,0.0009045903892930252,-0.0011070472235482631
2025-06-27,0.0049683317640052405,-0.0009859281226844985,-0.018123728993798327
2025-06-30,0.004781206068339872,0.0007401920659946271,0.01198454729743359
2025-07-01,-0.0003235797161743603,0.0018902316364906024,0.008923010663382636
2025-07-02,0.0045333761723596044,-0.00032814665833436063,0.005527596405484614
2025-07-03,0.007881385172987976,0.0028719184174321732,-0.006822911403597365
2025-07-04,0.0,0.0,0.0
2025-07-07,-0.0074522132118458595,-0.0008181245823080108,0.000748780548875283
2025-07-08,-0.0005476171019968001,-0.001310264854177734,-0.010443411868664265
2025-07-09,0.005996626767211355,0.0008199333617442406,0.004471282664348264
2025-07-10,0.002820211585405019,-0.0013107798316278618,0.0022257895319868215
2025-07-11,-0.003515227505248797,-0.0013126296109341462,0.009601575193336043
2025-07-14,0.0019081170382848622,8.213503414178369e-05,-0.0036553174266280575
2025-07-15,-0.004273265144196681,0.00016425657706387042,-0.004155705135267751
2025-07-16,0.0033431911185151097,0.0009855718855500406,0.004988096125243757
2025-07-17,0.006119689977517551,0.0008720312427723531,-0.0021735334020257513
2025-07-18,-0.0007324129021104575,-0.00016663979831543774,0.002600924347578637
2025-07-21,0.001896175165666536,0.0025827008628700465,0.015370115792427752
2025-07-22,0.0001431211632245688,0.0004985857176342812,0.009484882235462067
2025-07-23,0.00850744324203112,0.0006644926392456174,-0.01240118112003663
2025-07-24,0.00033114960935609616,-0.0026560123025340943,-0.006118276977772341
2025-07-25,0.004224349640319147,-0.0002497308628469641,-0.0092499926477293
2025-07-28,-0.0002511001451916961,0.001415172068270687,-0.00647361832754334
2025-07-29,-0.0026376486020820433,0.00041560472874713206,0.002750389076383808
2025-07-30,-0.001259331011043141,-0.0010802007640132727,-0.017273497289540862
2025-07-31,-0.0037512265266995692,0.0005822854701476032,0.0066454015709211944
2025-08-01,-0.016390466901213152,-0.0009144967474596921,0.020299689958884537
2025-08-04,0.015199913193138181,0.0025794773325096276,0.005823229257701401
2025-08-05,-0.005069966077998811,0.0005809806600611811,0.0008040912066364925
2025-08-06,0.007659581475386812,-0.0007465138229283408,-0.00212110700071233
2025-08-07,-0.000837526803775912,0.00099603094903844,0.008437987494967825
2025-08-08,0.007797475344291982,-0.002238920118884824,-0.00022357985855403495
2025-08-11,-0.0019774432364148,-0.0002493342916300989,-0.014374701087597641
2025-08-12,0.010646017662282237,-0.0008313430858150062,-0.0009074665058316222
2025-08-13,0.003423147456803166,0.003161693471977811,0.0030492830145867345
2025-08-14,9.296545483872265e-05,-0.0005805951470329029,-0.006338706734070332
2025-08-15,-0.002341290080229208,-0.0023236653365518167,0.0005858183101099534
2025-08-18,-0.00021744013365154746,-8.320208081369351e-05,-0.0015612675411803556
2025-08-19,-0.0054252252305696524,0.0006655429255175704,-0.005473279447945512
2025-08-20,-0.0026570836306466505,0.0009144322372489633,0.010122175284489776
2025-08-21,-0.004011725826335022,-0.002076362256637654,-0.0034698951143765644
2025-08-22,0.015356788214081707,0.0021639330582901017,0.01070642694476942
2025-08-25,-0.0044010616726667395,-0.0021592605629763284,-0.0024148368614391735
2025-08-26,0.004186940142142603,0.0013316213041583147,0.007262047243691283
2025-08-27,0.0022785132820093423,-8.307534075557843e-05,0.0020187288833615202
2025-08-28,0.003541362732142783,0.00041560472874713206,0.007419038046796889
2025-08-29,-0.0059636816039791984,-0.0010802007640132727,0.00964990177666114
2025-09-01,0.0,-0.00016640416162738703,0.0
2025-09-02,-0.007410200132466738,-0.0033277333123818975,0.023642559312442524
2025-09-03,0.005419463056600904,0.0027545820041965374,0.007831992196408066
2025-09-04,0.008357456059411517,0.0020810290008859145,-0.004418882618094533
2025-09-05,-0.0028962430390079286,0.0026582833425266017,0.01334594055214322
2025-09-08,0.0024566370092480305,0.0007456479599121657,0.011388067271604019
2025-09-09,0.002311825610804341,-0.0005794734693339576,-0.002269905468609168
2025-09-10,0.00289075963033647,0.0002485081316347948,0.0035922056391106683
2025-09-11,0.008310359891924524,0.0009109486776976983,-0.0014913797811720864
2025-09-12,-0.0003347065098450175,-0.0014893216485318828,0.0019715725978484144
2025-09-15,0.005323952420932088,0.0004971810119549502,0.01040483601055886
2025-09-16,-0.0013767927852816886,-0.000331310720482203,0.0020064107533963593
2025-09-17,-0.0012424352925486382,0.00016574240736799695,-0.007715171664187115
2025-09-18,0.004672351764394733,0.0004969519828421642,-0.0040063094596702875
2025-09-19,0.004952968179340322,-0.0009934745369707398,0.010607227252210416
2025-09-22,0.004731007968096224,-8.289867267585738e-05,0.01730643093326134
2025-09-23,-0.0054434748398075605,-0.0001658110908709931,0.004086375052867464
2025-09-24,-0.003181633452613686,0.0004145321434811944,-0.009063049726670935
2025-09-25,-0.0046134974884720625,-0.0024030844256054396,0.004165188877066628
2025-09-26,0.005729144366994232,0.0015782205690386686,0.00577227044053652
2025-09-29,0.0028103664411398555,0.0017415767106234714,0.016496514338703028
2025-09-30,0.0037668667591119753,0.0002483641277655213,0.008540004081594166
2025-10-01,0.0034075694259330103,0.0004138802487212434,0.0015753722020723782
2025-10-02,0.001151711603039951,0.0011582440221966639,-0.003482825151325697
2025-10-03,-1.4767362221612679e-05,0.000247912590099153,0.008032937892485048
2025-10-06,0.003586228910336109,-0.0007435534340397565,0.01884573861512795
2025-10-07,-0.003707492250961897,0.00016539982038277223,0.005159462258136571
2025-10-08,0.005963052412792269,0.0014879673247609748,0.01649095687844504
2025-10-09,-0.0028970083792374535,-0.0012381945252214477,-0.018452848086064955
2025-10-10,-0.02702782789908964,0.0014049968969884752,0.010097700011942212
2025-10-13,0.015344074693208754,-0.0004951704550002489,0.02430104394061705
2025-10-14,-0.0012216548034567065,0.0021468443867156406,0.007141189222626965
2025-10-15,0.004439615866679292,0.002718885638587132,0.017332403569977117
2025-10-16,-0.006810260525524803,-0.0004930140194007171,0.02338727694573084
2025-10-17,0.005676300358907982,-0.0008220528073555888,-0.01881705572696646
2025-10-20,0.010400475399621634,0.0009050275862623192,0.03640197438905224
2025-10-21,-1.4995920012528252e-05,0.0004932166445179575,-0.06426889260666147
2025-10-22,-0.005198815962920711,0.0,0.00010605594835544352
2025-10-23,0.005929891190499692,-0.0003286702537098618,0.004002358382396931
2025-10-24,0.008172571104630766,0.0,-0.0033528327110016187
2025-10-27,0.011797712023148943,0.0,-0.027839530498784404
2025-10-28,0.002655998956591077,0.0001644210459448292,-0.007166030388359279
2025-10-29,0.0004802976988058649,8.21332400109398e-05,-0.0037872684129753864
2025-10-30,-0.010998144919191377,-0.0011503447909995135,0.01964188672951095
2025-10-31,0.0032802806107155025,0.0002467909043315508,-0.005430550723012573
2025-11-03,0.0018766870879645126,-0.002796294761058915,0.0017929035935666526
2025-11-04,-0.011853539942447533,0.0009897515118910682,-0.017517195825319742
2025-11-05,0.003465389196996238,-0.0004944184043078614,0.011564369498527016
2025-11-06,-0.010729333212666003,0.0,-0.0012005195756799036
2025-11-07,0.0009845075813768034,-0.001154043027043139,0.006119021470095687
2025-11-10,0.015604434791510524,0.0005776561696977378,0.02734111859838051
2025-11-11,0.0022891497024457585,0.0008248289713574941,0.003937814406542062
2025-11-12,0.0005563986064420767,0.0008241491892295727,0.016110762091908537
2025-11-13,-0.016594021470737852,-0.0023056152357446846,-0.008083098515826892
2025-11-14,-0.00016358609958400105,-0.0008254375674134895,-0.018047911171504505
2025-11-17,-0.009316523930962162,0.000247810203280574,-0.011463979297139493
2025-11-18,-0.00839746055820656,-0.001238679958973421,0.007264932736103624
2025-11-19,0.003863199783587179,0.0012402161899125463,0.0016294519610446923
2025-11-20,-0.015242336682765423,-8.25402135214981e-05,-0.0002933255655774847
2025-11-21,0.009961222976632822,8.254702697074734e-05,-0.0015473311468576778
2025-11-24,0.014718507062180475,0.0004955617012127878,0.01584423909859023
2025-11-25,0.00940589965210692,0.0015682558975491645,-0.00031569077041548876
2025-11-26,0.006903575013019525,0.000659280980194632,0.007998338908444147
2025-11-27,0.0,8.23797930866732e-05,0.0
2025-11-28,0.005458406338614941,-0.000329428124279052,0.012424331348639184
2025-12-01,-0.004565415602551193,-0.0009885461231495807,0.004821066034977672
2025-12-02,0.0018522092741120044,-0.00016489938929631354,-0.006440050713598433
2025-12-03,0.0034627677932603795,0.0014020359761395262,-0.0009296182229129313
2025-12-04,0.0007310561539983773,-0.0011529975539784632,0.0006461951944911615
2025-12-05,0.0018995368427094927,-0.0007420820270011008,-0.0017823532991587676
2025-12-08,-0.0030042775146746914,-0.0035480933384438584,-0.002639449868615862
2025-12-09,-0.0008631449669616043,-0.00033125583553261784,0.005137202012788666
2025-12-10,0.00663226800901473,0.0002485081316347948,0.004259147967166088
2025-12-11,0.002326948130527251,0.000579665401963636,0.010769830543307712
2025-12-12,-0.010752057995096265,-8.278889518953392e-05,0.005594579039939429
2025-12-15,-0.0015107978831542246,0.0009105605497072844,0.0009103412637567754
2025-12-16,-0.00273229759527871,8.272042779999822e-05,0.00022745542760316262
2025-12-17,-0.011003620102041367,-0.0010750199388509518,0.008588228474273762
2025-12-18,0.0075513325776148665,0.0009933742502798992,-0.0018032036998043566
2025-12-19,0.009063445479451815,-0.0017366797650303356,0.0011289903434381632
2025-12-22,0.006229892278320159,-0.00024852872409619753,0.02308160549906857
2025-12-23,0.004570454818432879,0.001574427971768877,0.013252341857567629
2025-12-24,0.0035176203055324873,0.0007445992001240409,-0.004134082564786756
2025-12-26,-0.00010141503224314619,0.0,0.011676735474757116
2025-12-29,-0.003563628207054803,0.001984056339578766,-0.0435283019531133
2025-12-30,-0.0012211007345822589,-0.0005775132229399738,0.0007275678386380324
2025-12-31,-0.007408967373390696,0.00016515403592776146,-0.006467991163222386
2026-01-02,0.0018330397334518356,-0.0018985094267014446,0.004970859258759619
2026-01-05,0.006660113816063129,0.0015713030835402542,0.026313174195160993
2026-01-06,0.005947183373089304,0.0018165458487369168,0.010813149047262716
2026-01-07,-0.0032233567922274053,0.0010714118511760962,-0.009559953917111952
2026-01-08,-0.00010153268198576093,-0.001070265156403627,0.005522515913727544
2026-01-09,0.006613342394092614,0.0009065940180528198,0.007242001159325273
2026-01-12,0.0015704538117717881,0.001070505294729518,0.018722729613168898
2026-01-13,-0.0019994751058702853,0.0002467067678464385,-0.0014210408732292512
2026-01-14,-0.0049152373416185835,-0.0003289037683348317,0.010222226854541994
2026-01-15,0.0027232143965294497,0.0014634458049151977,-0.006127660830587689
2026-01-16,-0.0008378739908954103,-0.0005848416191526207,-0.004818883830700504
2026-01-19,0.0,-0.0004180158051303451,0.0
2026-01-20,-0.020356785723545046,-0.00041819061541714664,0.03783617488689295
2026-01-21,0.011541079202094462,-0.0003346158572297142,0.014568979615140476
2026-01-22,0.005223230019727687,0.0009205974043073883,0.01846258414950319
2026-01-23,0.0003627802397405677,-0.001087024478625076,0.013745304981574558
2026-01-26,0.005078147060609828,0.0019253587702687813,0.014628847613605389
2026-01-27,0.003984264729684606,0.0011696832383052413,0.024531942321975864
2026-01-28,-0.00010066990364987483,0.000250344478331721,0.038773348494905324
2026-01-29,-0.0019843824489698125,0.0002502818216596481,0.0027094717415592218
2026-01-30,-0.0029825802604032114,0.0005838660036749932,-0.10274245274560045
2026-02-02,0.004971362130935519,-0.0004167674453554593,-0.04004945911975222
2026-02-03,-0.00845539643070059,-0.00016682738595608093,0.06358720612372104
2026-02-04,-0.004843921678897134,0.0008340852000181531,-0.0007044119795716064
2026-02-05,-0.012489211256201727,0.00016671616648955556,-0.026631707613677613
2026-02-06,0.019184711840951385,8.32806154322796e-05,0.03073229479090611
2026-02-09,0.004821832103010459,0.0006665708489612676,0.02540290594406658
2026-02-10,-0.002637160432080843,0.0009159085074865736,-0.009913720520981939
2026-02-11,-0.00023105881441631837,0.0,0.011310577541873812
2026-02-12,-0.0154488742279012,0.0007487228015192748,-0.03472828959819363
2026-02-13,0.0007044854938154099,-0.00033250968007147996,0.024878663914389865
2026-02-16,0.0,0.0003326202795341793,0.0
2026-02-17,0.0016134664707250224,-0.00016628654990413771,-0.0311702543391007
2026-02-18,0.005037758541617032,0.0007482870651696061,0.022489929267582198
2026-02-19,-0.0026374339404172664,-0.0005815377023093982,0.0027930496262249527
2026-02-20,0.007231864589122949,0.0009974656204778665,0.019714504323102178
2026-02-23,-0.010211314710874664,0.001245652949342091,0.027015500392687075
2026-02-24,0.00726845293039502,-0.0006635301588884257,-0.01385890426498504
2026-02-25,0.008438348943581309,0.0,-0.0025072627221415233
2026-02-26,-0.005554476391621099,0.0007469828938575507,0.008575889154321725
2026-02-27,-0.004801943258527341,0.0,0.01313141674919538
2026-03-02,0.0005685787823312971,-0.003566099673627976,0.012919896640826822
2026-03-03,-0.00881433848279567,-0.003995034130983455,-0.04461221500318879
2026-03-04,0.007055308353084655,0.0038438964779061724,0.007818116439543887
2026-03-05,-0.005575546846393831,-0.0046615963655807224,-0.012017768242597593
2026-03-06,-0.013107135070836495,0.0,0.01583250339069653
2026-03-09,0.008760025013039074,-0.0034289205800892564,-0.0020696732193965506
2026-03-10,-0.0016071269053671289,0.0035246572342868543,0.01127967872100144
2026-03-11,-0.0012551629285171284,-0.006104727761795492,-0.003390104145245987
2026-03-12,-0.015184948869363502,-0.0021876494704968774,-0.019653925633074443
2026-03-13,-0.005660109501006372,-0.002023761456959039,-0.012936961278600778
2026-03-16,0.010176866111483163,0.0019434166446896661,-0.0008896876689686861
2026-03-17,0.00263055486997521,0.0025298989520230464,-0.002519392047785618
2026-03-18,-0.013953645387120184,-0.0016823431431938207,-0.03163716142328721
2026-03-19,-0.0024643404851918405,-0.003791683072843388,-0.041215062676522196
2026-03-20,-0.01433577587250423,-0.004144510523989009,-0.0305574415876555
2026-03-23,0.01050001924493782,0.0020384363641807735,-0.02259421410703788
2026-03-24,-0.0033568497522664664,-0.0007628747645722633,0.00022274115430986896
2026-03-25,0.0055727589473859585,0.0031385422724374834,0.030089336389747867
2026-03-26,-0.017858744158138706,-0.005158131230615592,-0.0375939695290467
2026-03-27,-0.017051883523327982,-0.0022099628802237925,0.035093842463368
2026-03-30,-0.0033434623831846144,0.002470405631102901,-0.0002894276132928697
2026-03-31,0.02906792569891481,0.002379323407297518,0.037893826237359374
2026-04-01,0.007534463782890022,0.003984411871405191,0.017499822514495555
2026-04-02,0.0009004744280911581,0.0010976716463986236,-0.019208815315471695
2026-04-06,0.004726797348638012,0.0,-0.004098669687746526
2026-04-07,0.0004400741058487867,-0.004385936688379388,0.009727589667910319
2026-04-08,0.025469554638327674,0.010843771343350683,0.00629906958171822
2026-04-09,0.00576909117108837,-0.0005028290206772201,0.007778530578574028
2026-04-10,-0.0006617805145495703,-0.0025994061918107603,-0.0017811851128632927
2026-04-13,0.009772397784351794,-0.0026902034723335078,-0.004049183335572026
2026-04-14,0.01218488075237012,0.0048891666904087305,0.022349346089928224
2026-04-15,0.007890994867038925,-0.0007549395066001052,-0.010402401583740839
2026-04-16,0.002457311622604319,-8.396689052925232e-05,-0.0008627455164704756
2026-04-17,0.012085685130224011,0.00545715324110585,0.013293051904224695
2026-04-20,-0.001999667552905704,-0.0015030085334419852,-0.008611208936292747
2026-04-21,-0.006546949154936255,-0.002341518439617163,-0.028320000717914517
2026-04-22,0.010126696838070659,-0.0003352968525071054,0.013245809401008168
2026-04-23,-0.0038807239498251933,-0.0005031459576844144,-0.00969535708776803
2026-04-24,0.007749297960024215,-0.00016775707699967501,0.005127114447075254
2026-04-27,0.0017228064887020444,-0.0010069033921358272,-0.007755303754327758
2026-04-28,-0.004865948728146163,-0.002267736003719767,-0.0185629131043068
2026-04-29,-0.00015454109399481997,-0.0013469455415120457,-0.010665781709228828
2026-04-30,0.009949627427204177,0.004130536158719611,0.014973287523456946
2026-05-01,0.0027691138283709726,0.0,-0.0011330099187530918
2026-05-04,-0.0036633796697419507,-0.0030221675793395963,-0.02001512681908002
2026-05-05,0.008022185884992261,0.0007578000696513154,0.008584306218673232
2026-05-06,0.013899439445017592,0.004627707688844129,0.030339261182306565
2026-05-07,-0.0030661051573263043,0.00033501603866126217,0.001670691560653026
2026-05-08,0.008256073001242203,-0.0010047115215097158,0.004841540894531038
2026-05-11,0.002277585595431564,-0.0010894841916732068,0.0020287362083613036
2026-05-12,-0.0015149399914519135,-0.0029365391085354187,-0.003957209812161522
2026-05-13,0.005594848036780231,0.0005890889126225485,-0.005612899814961714
2026-05-14,0.007894256268722755,0.003111555847217673,-0.007642296271595517
2026-05-15,-0.012029351892724582,-0.0041918176149979836,-0.02322039069444226
2026-05-18,-0.0007034356211904624,0.0005893222389594666,0.00273187497307803
2026-05-19,-0.006660859382243145,-0.001346201386360879,-0.016561892782745447
2026-05-20,0.010249028568310337,0.004212654728411813,0.014337773746013083
2026-05-21,0.0019830970699832307,-0.0010907364724352941,-0.0009822799906678004
2026-05-22,0.00393155436839554,0.003527681899482271,-0.0076020599640161945
2026-05-25,0.0,0.00410108679278931,0.0
2026-05-26,0.0066386085909901915,-0.0020838542757042333,0.00043495402009452455
2026-05-27,-0.0001732035840619206,0.0009188156467587749,-0.013309202332427494
2026-05-28,0.0055165545026623075,0.0013351917739299335,0.010477609933210896
2026-05-29,0.002491392716190699,0.00208350699600679,0.010538571648365469
2026-06-01,0.00272313559086812,-0.0036593048887960666,-0.014048680044494555
2026-06-02,0.0013579103629497435,0.0019198307318881724,0.001677776649860796
2026-06-03,-0.007017150543661033,-0.002915924999421615,-0.009904155768766576
2026-06-04,0.003778686701839007,0.0,0.008335974543818736
